riddle,choice0,choice1,choice2,choice3,choice4,label
三思而后行 （歌曲名）,随大流,跟着感觉走,及时行乐,勇敢一点,做自己就好,2
黑缎子，白夹里，养儿养女泥窝里。 （打一动物）,树袋熊,黑熊,蜘蛛蟹,知了,狗熊,0
天天躲山洞，夜晚出来唧唧叫，从不做亏心事。 （打一动物）,四不象,狮子,鹅,鹿肉,蚕茧,3
满脸麻子骨头硬，一生爱找钢铁碰，为了铲除不平事，闹起摩擦不要命。 （打一工具）,锉刀,老虎钳,锯子,刃口,刮削,2
此曲只应天上有 （古代乐曲名）,月儿高,胡琴,月儿高,月儿高,月儿高,0
明火执仗 （打一称谓）,登科,局长,暴发户,农村姑娘,三陪小姐,2
规矩不对徒弟用 （打二字称谓）,在法庭上,警官,无罪辩护,书记员,律师,4
忘糟糠，可恨 （打一成语）,落井下石,井井有条,归于平淡,发恼,架秧子,0
眼睛好像珍珠豆，身穿五彩绣花袍，代代住在水晶宫，摇头摆尾乐淘淘。 （打一动物）,金鱼,小鸭子,蝌蚪,锦鲤,青蛙,0
地狱之门 （打成语一）,出生入死,在所不辞,刀口舔血,那些兄弟,忍辱负重,1
小烟卷一寸半，头冒青烟亮光闪，谁要真的爱上它，从此染上坏习惯。 （打一物）,水果糖,茶叶,香烟,大前门,红南京,2
不知今岁已除夕 （打成语一）,忘年之交,意气相投,情同手足,一见如故,谈得来,0
当了导游，十分高兴。 （打一成语）,无限崇拜,宣扬,瞧不起,高人一等,引以为荣,3
头戴桠杈冠，身穿毛布衫，领群娃子只叫唤。 （打一动物）,鸟儿,矮脚马,龙,大鲵,丹顶鹤,2
另选领导变新貌 （打一成语）,没精打采,遒劲,萝莉与大叔,娇滴滴,严惩不贷,0
一张尖嘴巴，长得像乌鸦，生来嘴巴巧，能学人说话。 （打一动物）,海马,鳗,水獭,泥蜂,鼠,4
工人挖渠 （打成语一）,彼此欣赏,相安无事,不如不见,一意孤行,阴盛阳衰,3
小河水，轻轻流，黑衣娃娃排队游，细细尾，大大头，长大捉虫是能手。 （打一动物）,蝌蚪,青蛙,蚯蚓,蜻蜓,飞虫,3
忽闻岸上踏歌声 （打一成语）,如痴如醉,名留青史,觊觎,心服口服,死心塌地,3
脱粒机（打一成语）,吞吞吐吐,吱吱唔唔,期期艾艾,支支吾吾,张口结舌,0
一比一百 （打三字俗语）,马后炮,信口开河,没出息,龌龊,拿来主义,0
后肢发达善跳跃，独吃皇粮有一绝。 （打一动物）,北极熊,雪兔,兔子,狗熊,马猴,4
她唱想要有个家 （外名著）,动物故事,伊索寓言,格林童话,聊斋志异,丧钟为谁而鸣,1
女 （打一成语）,元和圣德诗,如出一口,古之遗直,异哉,杂然相许,4
十里大集 （打一称谓）,人大主任,省委常委,一把手,市长,书记,3
废水浸清泉 （打成语一）,势不两立,为伍,落井下石,蝇营狗苟,同流合污,4
看他人脖子，晦气 （打一成语）,人小鬼大,满身伤痕,善始善终,蒙头转向,一尘不染,3
或侍巾栉，或持尘拂，或调筝瑟，或抱琵琶 （唐诗目）,马嵬二首,怀良人,寄令狐郎中,华阳集,列女操,4
相思又一年 （经济作物）,茄子,莴笋,四季豆,花菜,蒜苗,2
心毒手狠名声臭，爱吃蜘蛛昆虫肉，谁若不慎上了钩，这个罪可不好受。 （打一动物）,蝎子,蛇,狼人,牛头,蜥蜴,0
最长的一天 （打一成语）,没着没落,夜不能眠,愁肠百结,度日如年,守活寡,3
以后也要像解放军叔叔一样 （3字古官职）,大学士,左都御史,兵部尚书,内阁首辅,内阁首辅,1
西曰长庚 （打一《聊斋志异》篇目）,邓瀛,郑以伟,邓瀛,金生色,郎中,3
双方在外打起来 （打一成语）,俗人,自作自受,怒气冲冲,出奇制胜,破釜沉舟,3
国庆重阳传捷报 （打一成语）,焦急,敲山震虎,求全责备,意志消沉,无孔不入,1
四角方方，随身莫忘，伤风咳嗽，它就着忙。 （打一物）,太空豆,楼梯,小麦,长矛,在晴朗的天空下,1
身穿珍贵软皮袄，头宽尾长形似猫，陆上水下显身手，捕食鱼蛙和水鸟。 （打一动物）,雪鸡,菜青虫,天牛郎,苍蝇,翠鸟,2
东壁那边是老子 （打一成语）,节外生枝,隔墙有耳,祸从口出,泄密,不怕一万,1
众人皆谦逊 （打一成语）,满不在乎,若无其事,耸耸肩,一本正经,得意洋洋,0
头遍读错了 （打一成语）,因果循环,执迷不悟,一念之差,所托非人,罪恶的深渊,2
望蟾宫 （歌曲名）,湘味,北京的金山上,一样的月光,明天会更好,及时行乐,2
提起领导无话谈 （打一成语）,高谈阔论,说长道短,搬弄,人前背后,评头品足,1
夫君名登龙虎榜 （古代官名）,长史,从九品,兵部尚书,节度使,京兆尹,0
从此阅新书 （打一古代著作）,浦起龙,说岳全传,三国演义,搜神记,笔下生花,3
同是外币，有人爱之，有人怒之 （打一成语）,无依无靠,闭口不言,尖叫起来,浮光掠影,曹冲称象,4
身背弯弯漏斗，抬到黄牙海口，有力进口，无力丢走。 （打一动物）,鹧鸪,狼犬,树袋熊,低飞,隼,2
出身在山里，住身在庙里，敲一记，笑嘻嘻。 （打一物）,十八罗汉,木鱼,法鼓,撞钟,笛子,2
一到中原就集中 （打二字中药）,何首乌,何首乌,玉竹,玉竹,何首乌,2
上穷碧落下黄泉 （打一报刊名）,海洋探秘,旅游天地,摄影世界,中华传奇,丽江慢生活,0
著手成春 （唐诗目）,参知政事,回乡偶书,枫桥夜泊,春日京中有怀,柳中庸,3
孺子牛 （歌曲名）,阴谋家,双面人,可怜虫,小丑,邪恶,2
即兴伴奏 （打成语一）,声东击西,说时迟，那时快,厄运当头,无隙可乘,的的,0
教师退休 （打一成语）,徐万山,自古英雄出少年,伉俪情深,惊涛骇浪,蒙头转向,4
楼上一人算五家，楼下四人算一家，为了算好一笔账，楼上楼下来打架。 （打一物）,信封,尿液分析仪,味精,农具,太阳能热水器,3
说走咱就走 （四字电影）,停战以后,斯退丁纽斯,总统行动,埃尔皮迪奥·基里诺,大漠紫禁令,0
雨前牵牛且莫愁 （打三字外国名著）,茶花女,简·爱,唐璜,小仲马,悲惨世界,3
十八姑娘一枝花 （打一成语）,老大徒伤悲,太突然,异想天开,齐家之宝,少妇,4
身披鳞甲色彩多，不做鲜汤请客喝，四海虽大不是家，半缸清水好快活。 （打一动物）,江鸥,熊猫,熊皮,山羊绒,蝎子,4
下穿草裙无上衣，没事站在门角里，每天出来走几次，灰尘垃圾都躲起。 （打一物）,稀释液,核桃手串,烟,力臂,锣,2
玄德吾弟也 （药名）,味噌酱,海带,墨鱼,昆布,日式高汤,3
故事连载 （打一成语）,俯拾即是,史不绝书,忠臣义士,后世,司马迁,1
名字叫牛不像牛，角儿长在鼻上头，虽然力气不算小，从不见它拉犁头。 （打一动物）,昆虫纲,土球子,披毛犀,贝壳,河蚌,2
造起三个角，打开四个角，不是铜的，是铁贴的。 （打一物）,塑料,卫生球,弹花,筏子,中国金融,4
风凉话 （打一成语）,雄霸一方,大权独揽,人格高尚,狂妄无知,不寒而栗,4
小飞机，爱飞行，漫山遍野全是它，爱吃蚊虫爱蜕皮。 （打一动物）,蛤蟆,飞翔,柯基,蝗虫,海星,3
小小身躯圆又胖，自古住在房檐上，虽然没有针和线，织出网来很像样。 （打一动物）,虫,蜥蜴,蝎子,怪物,蜘蛛,4
红船头，黑船篷，二十四只篙子两边撑。 （打一动物）,鲸,鳄,动物园里,松鸭,黄蜂,0
匡衡夜读书，无光哪里借。 （打一成语）,泄密,隔墙有耳,节外生枝,不怕一万,祸从口出,1
家住曼谷 （打一成语）,兴奋不已,向壁虚造,嚷嚷,牛妖,罔顾,1
皮儿有红又有绿，长在树上真美丽，味道酸甜又可口，营养丰富人爱吃。 （打一水果）,三星,苹果,梨,小米,apple,2
有字又有画，常在墙上挂，千金买不到，谁见谁都夸。 （打一物）,以资鼓励,照片,挂历,奖状,军功章,2
一身疙瘩没有毛，终日蹲在坑边嚎。 （打一动物）,猛犸象,藕,犀牛,豺,达氏鲟,1
我守在边防线上 （打一成语）,跨越千山万水,不切实际,鸳鸯不独宿,一街两巷,窝窝囊囊,3
大三角，可折叠，脖上挂，很神圣。 （打一物品）,擦擦克林,纸巾盒,计算器,邮票,转笔刀,2
边炮巧架河两边 （商品名）,手电筒,灯泡,发光源,氙气,瓦,1
左右佩剑者 （打一成语）,浮想联翩,搜肠刮肚,畏葸不前,不见,待人接物,4
柞蚕吐丝 （打成语一）,与虎谋皮,作茧自缚,嫁祸于人,一步错,笼中之鸟,1
青竹竿，搭凉棚，一年一次小长虫。 （打一植物）,蚧壳虫,花粉颗粒,杨絮,柳树,臭椿,3
小小货郎，不挑货担，背着钢针，满地乱窜。 （打一动物）,刺猬,狗熊,兔子,马蜂,一只狼,4
爷也长，娘也长，养个儿子寸把长。 （打一植物）,尖椒,刀箭,豆类作物,豌豆苗,满天星,3
说到伤心处，谁人不落泪。 （打一古代著作）,音学五书,近思录,楚辞集注,二十四史,文献通考,2
魄 （二字电影）,地下的天空,烽火少年,魔表,二子开店,豆丁奇遇记,2
意志不坚 （歌曲名）,自作自受,爱一个人好难,心太软,见异思迁,笨小孩,1
第一风流最损人 （四字常言）,元气大伤,腹背受敌,惨胜,全军覆没,一败涂地,0
印刷书籍 （打成语一）,大路朝天,知识分子,一面如旧,没落,云山雾罩,2
先酒后拳 （称谓）,党代表,首席检察官,和尚,说中文,道士,2
蛤蟆功 （打一成语）,胜利在望,稳扎稳打,以逸待劳,全力进攻,一鼓作气,4
体长近三米，身穿雪白衣，老家住北极，爱在冰上戏。 （打一动物）,亚洲象,老鹰,蛹,天鹅,矮脚马,1
观众都不差 （打三字电影）,思无邪,来日方长,三人行,道可道,牵手,2
闭着眼睛说瞎话 （常言俗语三字）,无所谓,徒有其表,以人为本,什么世道,绊脚石,0
一间小房两家住，没房顶来缺窗户，一家开的黑染房，一家开的麻绳。 （打一物）,万能板,咖啡,玻璃,五香粉,钉子上,0
远看一匹马，近看没尾巴，肚里风雷走，口里吐黄沙。 （打一物）,风谷机,碾子,扇车,辘轳,木犁,4
绝望！ （打一成语）,怪胎,其心可诛,紧闭双眼,讨人嫌,关键先生,1
孕妇专座无人抢 （打一成语）,潘驴邓小闲,洁身自爱,英雄难过美人关,坐怀不乱,好色之徒,3
俄 （打一成语）,左右逢源,小心眼,远见卓识,末路,美丽的样子,0
腿边四条腿，背后一个背，你和它挨着，一定猜得着。 （打一家居）,门,敲开,敲开,木床,敲开,0
老菜彩衣娱高堂 （打成语一）,兹事体大,犯上作乱,置之不顾,视同儿戏,轻率,3
乌龟下楼梯 （打一俗语）,知己知彼,胡搅蛮缠,讨人喜欢,牡丹花下死，做鬼也风流,舍不得,3
此药为宜饭后服 （常言俗语四字）,一切从简,奇绝,开拓,从轻发落,吞吞吐吐,0
大眼睛，黑眼圈，圆圆胖胖逗人爱。攀得高，爬得快，竹笋野果当饭菜。 （打一动物）,鼠,非洲动物,蛔虫,刺毛虫,松鸭,0
八字胡，往上翘，叫声像个娃娃叫。 （打一动物）,小橘,大熊猫,狐狸,蝴蝶,狸猫,1
小时光喝水，长大净吃肉，天天都补血，长得却精瘦。 （打一动物）,大象,马,赤鳞,穿山甲,马猴,1
对人要真心 （打一称谓）,大师傅,青年作家,师祖,春归红楼,才识过人,0
要将无才者免职 （打一成语）,欲罢不能,回味无穷,着迷,诱人,难以抗拒,0
对拜叩首再干杯 （打一成语）,事实真相,拿来主义,论语,机不可失,背道而驰,3
有志归完璞 （古代著作）,聊斋志异,石头记,程乙本,红楼梦,高鹗,1
元首逝世 （常言俗语三字）,大鸣大放,装糊涂,小说家,一元化,思维惯性,3
问女何所思 （称谓职务）,进士,前途无量,探花,状元,举人,4
睛天霹雳 （打一常用成语）,成名,初露锋芒,翘楚,一鸣惊人,后来居上,1
从南来个小胖子，不卖别的单卖针，大针卖了十来个，小针卖了数不清。 （打一动物）,马蜂,一只狼,刺猬,狗熊,兔子,2
跳槽之人占多数 （打一成语）,女主,云山雾罩,前后左右,生死恋,越战越勇,3
一架小飞机，飞行看天气，晴天飞得高，阴天飞得低。 （打一动物）,蝴蝶,蜻蜓,瓢虫,透明的翅膀,低飞,4
七零八落 （韵目）,干地黄,思归乐,车前子,七虞,八齐,4
聪明反被聪明误 （贬称谓）,江洋大盗,寻花问柳,放荡的女人,多情种子,恶少,1
虽称小龙却无足，吞噬鸡鼠格外毒。 （打一动物）,雪狼,雀鹰,黑鱼,隼,乌鸡,4
第一人称 （歌曲名）,我爱沈阳,洪湖水浪打浪,缘分已尽,晴雯歌,稳固,0
独到之处 （打一成语）,人面兽心,无数,冷暖,生存,怔住,1
自己的事自己干 （俗语五字）,小心眼,胡搅蛮缠,得理不饶人,蹬鼻子上脸,火爆脾气,2
会车必须顺道行 （打一成语）,爱情的旅程,所作所为,确切,拳拳服膺,一干二净,0
试题以浅为宜 （打一成语）,深不可测,顶尖高手,老道,神出鬼没,武圣,0
锥子尾巴瓜子嘴，身上贴着四条腿，爬墙能力强。 （打一动物）,貉子,蜗牛,苏门羚,钹,大白鹅,1
一生未受饥 （打一成语）,饱经世故,精明强干,老成持重,彻悟人生,处之泰然,0
晶莹的泪，悄悄地落 （打一成语）,胸无点墨,英雄气短,明珠暗投,愚不可及,埋没人才,2
夜合欢花 （打一外国文学作品）,乔万尼奥里,并非,拉马克,天方夜谭,空中楼阁,3
面孔像只猫，其实是只鸟，夜夜去巡逻，田鼠逃不了。 （打一动物）,江鸥,猞猁,草鸮,蛛丝,黑鹳,1
主人唱歌客敲锣 （打一成语）,声东击西,诱敌深入,出其不意,围魏救赵,调虎离山,0
农夫心内如汤煮·碎锦格 （水果名）,大绵球,石榴,干荔枝,香蕉,龙眼肉,4
职 （打一成语）,无机可乘,神出鬼没,耳听八方,前后左右,举棋若定,4
龙尾 （中国电影）,活着不容易,三十而立,功成名就,人到中年,知足常乐,3
四只脚的能生蛋，乌龟团鱼都不算。 （打一动物）,大老鼠,一条蛇,蜈蚣,壁虎,蜘蛛,2
好细腰 （打一成语）,惊艳,可圈可点,美中不足,差强人意,最特别,2
四个小瘦子，合戴顶帽子。 （打一家居用品）,写字台,皮筋,剪刀,木床,写字台,2
有智不在年高 （打一常言俗语三字）,行家,好点子,耍手腕,无本生意,犯浑,1
长在山上，落在肩上，干活躺下，休息靠墙。 （打一物）,箩筐,背篓,箢子,扁担,锄头,1
短斤少两者罚 （四字常言）,优点,差强人意,面面俱到,缺陷,不足之处,4
十五始展眉 （打一成语）,诡辩,自圆其说,漏洞百出,牵强附会,避重就轻,1
一棵麻，多枝丫，雨一淋，就开花。 （打一生活用品）,针线包,衣架,就在你身后,雨伞,我的帽子,3
浮游水面 （外国文学作品名）,随风,木木,小芳,红与黑,浪花,4
大树招风 （食品名）,木耳,豆腐皮,菠菜,海带,香菇,4
一只蜻蜓两翅膀，飞翔起来嗡嗡响，常向大地撒农药，耕耘播雨它帮忙。 （打一物）,运-5b,农业飞机,空姐,麦道80,防化兵,1
说它是头牛，不会拉犁头，说它力气小，背着屋子走。 （打一动物）,蚬子,猞猁,河马,赤鳞,鳞翅,0
三星白兰地 （唐诗目）,月下独酌,君莫停,念奴娇·赤壁怀古,回乡偶书,将进酒,0
十六为君妇 （打一成语）,如释重负,大喜过望,相顾失色,二话不说,慌了手脚,3
天上嫦娥人不识 （打一称谓）,高中女生,小姑娘,打工妹,男孩儿,班主任,2
小小个头似苹果，美女都爱当水果。 （打一蔬菜）,花菜,番茄,西红柿,土豆,圣女果,3
独身 （打一成语）,孤独,彷徨,又是一个人,若有所失,形单影只,4
倾杯斜倚醉颜酡 （三字口语）,守活寡,露一手,脉脉含情,随声附和,一窍不通,1
琼花碎玉落山涧 （中药方剂）,桑杏汤,玉女煎,细辛,泻白散,芦根,1
寂寞无行问黄鹂 （歌曲名）,我从山中来,春天在哪里,穿花衣,四季歌,铃儿响叮当,1
儿童用品 （打一称谓）,山盟海誓,温文尔雅,先行者,锚,白领丽人,2
儿童猜谜有味道·掉尾格 （西药名）,淘米水,小苏打,白醋,牙膏,洗洁精,2
黑背白肚皮，一副绅士样，两翅当划桨，双脚似鸭蹼。 （动物）,非洲动物,企鹅,红袋鼠,北极熊,海豹,1
云长想起玄德来 （打一成语）,装疯卖傻,纵虎归山,人材出众,五马分尸,引人注目,4
兴霸伏首愿认输 （打一成语）,名不虚传,叹为观止,无人能比,甘拜下风,略高一筹,3
爹也长，娘也长，养出儿子像刀样。 （打一植物）,刀豆,莴苣,大头菜,茄子,苤蓝,0
说它是条牛，却不会拉梨，笑它力气小，背着屋子跑。 （打一爬行动物）,屎壳郎,小瓢虫,青蛙,乌龟,青蛙,3
两片红划楫，划到田头歇一歇，戏文唱一唱，点心吃一吃。 （打一动物）,鸽,鸡,鹅,鸭,山羊,0
黄鼠狼，尾巴长，日里翻跟斗，夜里乘风凉。 （打一物）,吊桶,舀子,担杖,水瓢,辘轳,4
头戴大栗子，身穿白绫子，行路公子样，说话蛮子腔。 （打一动物）,鹅,山羊,鸭,鸽,鸡,3
姐妹七八个，携手并肩坐，分家不团圆，红被给撕破。 （打一水果）,椰子,番荔枝,哈密瓜,无花果,杨梅,3
口技行当（打一成语）,平叛,视同儿戏,闻过则喜,一路走来,藏垢纳污,2
夺冠无望 （打一俗语）,知己知彼,骑驴找驴,人人猎头,机不可失,一将难求,3
一朵花，三四瓣，大热天，呼呼转。 （打一电器）,电熨斗,口琴,取暖器,砂纸,熨斗,0
诗仙信简 （《聊斋志异》篇目）,洛敏,洛敏,楚老,萧凡,李伯言,4
常年带个玻璃帽，常喝浓酒醉不倒，沾点火星发脾气，头上呼呼冒火苗。 （打一物）,直接加热,酒精灯,铝壶,蜡烛,火柴,1
远看像个钉，眼睛似颗星，有翅没有毛，有脚不会跑。 （打一动物）,瓢虫,蜻蜓,低飞,蝴蝶,透明的翅膀,3
嫁个老公欠了账 （打一成语）,救亡图存,匹夫有责,多难兴邦,忘战必危,保家卫国,1
镇宅 （歌曲名）,生长,林,让世界充满爱,回家,新唱,3
少年时摇扇子，老年时扎包袱。 （打一蔬菜）,土豆,蒜薹,山药,尖椒,荸荠,0
节节楼，节节高，节节楼上长花椒。 （打一植物）,茉莉,叶子,热带植物,冬笋,马唐,2
一只鼓，上下空，节日里，红彤彤。 （打一物）,灯笼,炮竹,铃铛,蜡烛,窗花,1
超级好牙刷（打一成语）,穷大方,抠抠搜搜,吝啬鬼,一毛不拔,死要面子活受罪,3
青蓬蓬，蓬蓬青，开黄花，结铜铃，开白花，归娘家。 （打一植物）,金橘,竹篙,野花,紫苜蓿,黑木耳,4
战事将息 （西药名）,鸬鹚,双黄连,祥和,赛庚啶,祥和,2
侃吃在庐州 （打一成语）,水火无情,木已成舟,摸着石头过河,红灯笼,粗俗,0
举报经查尽实情 （打一成语）,火力全开,挺身而出,关键时刻,神经刀,弹无虚发,4
百啭无人能解 （酒别称）,客至,曲生,曲生,寄意,君须记,1
远看像只猫，捕猎身手好。游泳又爬树，不吃青青草。 （打一动物）,体外寄生虫,小鸭子,小橘,鸽子,头虱,3
一曲吹散八千兵 （打一俗语四字）,别有用心,马靠,欢声雷动,打扮一下,心说,2
殊知几道唱新声 （歌曲名）,夜上海,听妈妈讲那过去的事,寓意,乡聚,北国之春,0
物价居高不下 （打一四字常言）,三天打鱼两天晒网,管住嘴迈开腿,贵在坚持,积少成多,熟能生巧,3
九十九对 （打一成语）,狂犬吠日,羊落虎口,皂白不分,百无一是,人生识字忧患始,3
智慧脑袋不长毛 （打一成语）,张皇幽眇,诚惶诚恐,杀身成仁,末流,宰割,2
法院各部门不受贿赂 （打一成语）,站稳脚跟,风头正劲,一决雌雄,分庭抗礼,并驾齐驱,3
只选富豪才投靠 （打一成语）,气急败坏,恼羞成怒,胡搅蛮缠,不依不饶,质问,3
不生二胎 （打二字中药名）,升麻,侧柏叶,海棠,大枣,天麻,0
嘴尖尾短似个球，长短针儿浑身有。 （打一动物）,刺猬,马蜂,兔子,狗熊,一只狼,0
蓝光闪烁北斗亮 （称谓职务）,酒保,军嫂,领事,骂山门,书记,2
细小疑问能回答 （打一成语）,难以释怀,面黄肌瘦,弱肉强食,大雁,矜矜业业,4
一稿多投难选用 （打一成语）,过河拆桥,言犹在耳,字斟句酌,无稽之谈,干部制度,1
小小一头牛，样子像纽扣，别看力气小，背着房子走。 （打一动物）,青蛙,蜗牛,小瓢虫,屎壳郎,乌龟,1
斤（打一成语）,成绩,待人接物,独在异乡为异客,兼听,无礼,1
色彩迥异居中间，四周缺牙紧相连，贴上它会更省钱。 （打一物品）,贺年卡,小全张,邮票,首日封,明信片,1
小小一个红坛子，里面装满小子子，乍看好像小灯笼，细看犹如红橘子。 （打一植物）,土豆,番茄,圣女果,西红柿,花菜,1
一朵红花头上戴，一件花衣身上盖。天还没亮就起床，唱得太阳升起来。 （打一动物）,黄鼠狼,刺毛虫,牦牛,水貂,鹿,1
吝 （打一成语）,讲明,胜友如云,奶粉门,逆向思维,众口一辞,4
发票未盖章 （打一成语）,欺人之谈,穿凿附会,聊备一格,臆说,不足为凭,4
头上一个锤，身上四面旗，屁股背根竹，夜里不知哪里宿。 （打一动物）,鹰,蝉蜕,蚰蜒,马来熊,蜜蜂,3
包胥哭国秦出兵 （打一成语）,楚楚动人,吹弹可破,妩媚,亭亭玉立,娇美,0
壬申伊始 （中药名）,大蒜,燕麦片,野味,海内存知己,野味,3
俊袭人七夕祷月 （打一成语）,长袖善舞,麻烦缠身,平心而论,不好惹,疏而不漏,2
个人包干 （中药名）,寒水石,硼砂,栀子,落得打,大腹皮,4
王者之过也 （打一外国书名）,悲惨世界,简·爱,鲁滨孙漂流记,玛丽恩巴德悲歌,托尔斯泰,4
是牛从来不耕田，体壮毛密能耐寒，爬冰卧雪善驮运，高原之舟人人赞。 （打一动物）,貉子,布谷鸟,母鸡,哨探,蚰蜒,4
枕戈待旦 （打一称谓）,爹娘,廉洁,嘚吧嘚先锋相声团,前妻,舅,3
运动学索引 （打成语一）,欲速则不达,同属,陈情表,到处碰壁,来去匆匆,0
铜钱一送，验试过关。 （打一古代著作）,宋史,文献通考,马端临,一统志,册府元龟,1
身上长白毛，红尖嘴儿翘，背上一条沟，肚里好味道。 （打一水果）,西瓜,桃子,草莓,沙果,小菠萝,0
百分不及十分强 （打一成语）,陪你慢慢变老,失窃,空穴来风,洞若观火,人寿年丰,4
头上苗叶像青葱，底下白须一大蓬。 （打一植物）,芹菜,辣椒,洋葱,大蒜,茄子,2
一个老头寸把高，浅白麻点水蛇腰。 （打一植物）,花粉颗粒,芨芨草,凤仙,吊兰,长春藤,2
恰似山间竹 （打一成语）,优柔寡断,比上不足，比下有余,转危为安,兴高采烈,谁对谁错,0
石山对石山，一洞穿中间，洞里千条路，游览兜圈圈。 （打一物）,辘轳,碾子,石磨,碓窝,捣臼,0
蜜饯黄连（打一成语）,肝胆相照,一心一意,患难之交,委曲求全,同甘共苦,4
远看一头牛，近看空阁楼，一头出白米，一头糟糠游。 （打一物）,扇车,辘轳,木犁,风谷机,碾子,2
青竹竿，顶白绒，年年有群小长虫。 （打一植物）,蚧壳虫,柳树,花粉颗粒,臭椿,杨絮,4
头长小树杈，伸开白梅花，四腿细又长，奔跑快如马（打一动物名）,长颈鹿,犀牛,牲口,猴子,狼人,0
样子像耗子，尾巴当被子，爬在树枝上，忙着摘果子。 （打一动物）,屎壳郎,马肉,小海豹,猕猴,毛驴,3
老工人经验丰富 （打一唐诗目）,送杨氏女,寻隐者不遇,长干行,滁州西涧,徐夤,0
姑苏烟雨锁苍茫 （打一成语）,一日千里,吴下阿蒙,不过尔尔,后生小子,化敌为友,1
身子细长尾巴大，沟里洞里它安家，虽有一身好皮毛，偶尔偷鸡名声差。 （打一动物）,壁虎,蛤蜊,织成,猎狗,野猪,3
口传家书 （打成语一）,朝秦暮楚,出尔反尔,言而无信,遵守承诺,挑拨离间,2
说个谜语请你猜，这把刀儿真奇怪，不削水果不切菜，能把高楼盖起来。 （打一物）,书签,鼹鼠,直升机,手电筒,积木搭建,3
计生不光女方事 （打一成语）,匹夫有责,救亡图存,保家卫国,忘战必危,多难兴邦,0
满身疙瘩长得丑，蹲着像条看家狗，捕食害虫本领大，它是庄稼好朋友。 （打一动物）,美洲豹,龟,飞蛾,狮子,黑寡妇,2
小果子似凤眼，暗红袍子装黑豆。 （打一植物）,油菜籽,盆栽,陈皮,洋槐花,蒜,0
捡漏 （打一古官名）,全唐文,杂录,通典,拾遗,鹤山集,3
出生在泥里，住身在高树，日里唱曲子，夜里乘风凉。 （打一动物）,水鸟,雏鸡,贝壳,大灰狼,孔雀,0
元宵 （打一成语）,耳鬓厮磨,亲密无间,患难与共,情同手足,朝夕相处,4
限招九人 （打一成语）,缓兵之计,王侯将相,事实真相,俗滥,无可置疑,4
吊死鬼戴花 （打一成语）,死要面子,爱显摆,没出息,吃软不吃硬,小心眼,0
慢行有好处 （打一成语）,欲速则不达,急于求成,失之毫厘，谬以千里,拔苗助长,事倍功半,0
肚子挺起心头火 （打一成语）,全力进攻,一鼓作气,胜利在望,稳扎稳打,以逸待劳,1
都说前面有的卖，诸位要买早日去 （报刊名）,成都笔记,作家,我的孤独，只剩爱你,当代小说,读者,4
虽然也是花，园中不种它，有人胸前戴，人人把他夸。 （打一物）,脸盆,钓竿,锅,驿道,印章,4
美女照镜子 （打一成语）,超然物外,文人相轻,孤芳自赏,不媚,曲高和寡,1
花落云飞蜓展冀 （中药名）,大蓟,参三七,泽泻,桑菊饮,广木香,4
下上其音 （商标品牌商号）,石马,喜之郎,美多,永芳,祖母绿,1
哑巴亏 （打一成语）,成王败寇,婆婆,华佗再世,历史基因,小康水平,4
此一时彼一时 （常言俗语四字）,那家伙,有两下子,心说,小白脸,名不虚传,1
两块饼，一样大，嘴里吃，腰里撒。 （打一物）,碓窝,辘轳,石磨,捣臼,碾子,4
有个胖子，傻头傻脑。爱吃蜂蜜，不怕蜂咬。 （打一动物）,猴子,狒狒,狗熊,猩猩,狐狸,0
一叶扁舟，重游赤壁 （打一成语）,游刃有余,今非昔比,深谙其道,驾轻就熟,信手拈来,3
单骑征蜀中 （打一成语）,谈何容易,刀兵相见,因循守旧,支支吾吾,稀里哗啦,0
嘴伸塘里，岸上说话，有它坐镇，旱涝不怕。 （打一物）,喧天,五彩缤纷,弯弯曲曲,太空轨道,ddt,4
师旷弹琴 （三字俗语）,瞎指挥,任人唯亲,乱弹琴,外行,帮倒忙,2
丁是丁，卯是卯 （动物名）,猞猁,四不象,金毛狮子,雉鸡,梅花鹿,1
预审 （打一俗语三字）,大小子,打算盘,做活儿,管账,跑江湖,1
谁的头发黑？？ （花卉树木）,黄精,何首乌,人参,灵芝,冬虫夏草,1
浑身是眼不见珠，多次投江被拉出，滴滴泪水洒一道，回家还是不进屋。 （打一物）,弹弓,扑克牌,书包,台灯,鞭炮,3
小小车厘子，红红小果子。 （打一水果）,金橘,莲蓬,柿子,桑葚,西瓜,4
秋分 （打成语一）,刚愎自用,罢相,啧啧称赞,一把手,成人之善,4
不识太公 （打一植物）,秋色,红提,侧柏叶,杏子,番茄,3
除了嫁人，别的都可以谈。 （打一成语）,拿着鸡毛当令箭,有所顾忌,伪善,情窦初开,出其不意，攻其不备,4
青竹竿，顶圆伞，凉伞脚下一窝蛋。 （打一农作物）,萝卜,红薯,香菇,南瓜,芋头,3
说你呆，你不呆，长着胡须像小孩；推一推，歪一歪，睡下去又站起来。 （打一物）,陀螺,木偶,敲鼓,不倒翁,秤砣,3
蝉联溜冰冠军 （常言俗语三字）,张家长，李家短,心上人,大鸣大放,显而易见,角度,1
预报局部有雨 （四字常言）,明天,没什么问题,告一段落,言归正传,等到了,3
二列车双双八点到 （打一成语）,风姿绰约,博闻强识,还行,谦虚谨慎,罗衫,2
一物生来好模样，长长尾巴短身材，黑衣黑袍白肚皮，红红嘴巴圆眼睛，枝头一站叫喳喳，专向人间报喜来。 （打一动物）,糌粑,蜂猴,蛹,蜂,小老鼠,3
学游泳颇费周折 （酒名）,酒,习水大曲,茅台镇,宋河粮液,高粱,1
电锯伐树 （打成语一）,如释重负,谈得来,恩断义绝,十恶不赦,金银满地,2
衣食所安 （打一唐诗目）,将进酒,行路难,送邢桂州,青泥何盘盘,长安一片月,1
春节后消费居第一 （打一成语）,精神矍铄,七旬,爷爷,年过花甲,老两口,3
赠巾以护花 （三字娱乐称谓）,影星,肖恩·康纳利,娜塔莉波特曼,邦女郎,娜塔莉波特曼,3
顶天立地冲云霄，头上戴顶尖尖帽，精彩画面八方送，千家万户齐欢笑。 （打一物）,火柴,铃,天花板,射靶,履带吊,2
黄铜铃，紫铜柄，年内开花，年外结籽。 （打一植物）,芋头,萝卜,红薯,南瓜,香菇,3
辘轳 （打成语一）,全盘托出,原原本本,吞吞吐吐,一五一十,郑重其事,0
头戴红帽子，身穿绿袍子，走路吹笛子，坐下抹须子。 （打一动物）,蚊子,瓢虫,老鼠,苍蝇,蚂蚁,1
两只小白狗，躺在洞门口，碰个五大爷，捉去无人救。 （打一物）,小锤,绑绳,塑料杯子,拉链,归去来辞,3
若个鸢儿似雁行 （打一《聊斋志异》篇目）,美人首,唱唤,题准,基础设施建设,基础设施建设,0
南阳诸葛亮，稳坐中军帐，摆起八卦阵，单捉飞来将 （动物）,怪物,蜥蜴,虫,蜘蛛,蝎子,4
青叶生栅架，小龙下面挂，小时味道鲜，老来把锅刷。 （打一植物）,芡实,花椒,玉竹,油菜,干辣椒,2
朝廷百官醉生梦死，关外八旗觊觎中原。 （打八字成语一）,关心则乱,三人成虎,当局者迷，旁观者清,无风不起浪,知已知彼,2
北边来了一个怪，身上长着长刺儿，遇到下坡腿一蜷，骨碌骨碌滚起来。 （打一动物）,河蚌,蜜蜂,老雕,豚鼠,朱鹮,3
夏风 （歌曲名）,姜育恒,大哥你好吗,经典老歌,中华民谣,九月九的酒,3
第影缉拿 （打成语一）,缘由,废物利用,开弓不放箭,劳而无功,驾轻就熟,2
小小动物小小壳，最爱背着房子走。 （打一动物）,青蛙,蜗牛,小瓢虫,屎壳郎,乌龟,3
白发犹有赤心存 （花卉树木）,千日白,小麦,山茶,晚饭花,指甲花,0
酩然直到太平时 （书名）,寻西山隐者不遇,思归乐,试周郎,夜怨,醉卧长安,4
吕奉先乘夜袭徐郡 （打一成语）,英主,还行,无限崇拜,习以为常,不乏其人,3
愚意为不可取 （打一《聊斋志异》篇目）,罗恒山,子规,美人首,明知故问,姚夔,2
长喙细身，昼匿夜行，嗜肉恶烟，掌所拍扪。 （猜一昆虫）,蝇,蝙蝠,蜂,蚊,蜂,1
模范出租车 （三字口语）,呐,有两下子,说话算数,好样的,真了不起,3
吸血鬼，很爱蹦，腹部大，很变态。 （打一昆虫）,一只小蜜蜂,瓢虫,甜菜夜蛾,山菊,蝼蛄,4
入主白宫 （打一《聊斋志异》篇目）,试剑江湖,续黄粱,浮云半书,金生色,美人首,1
苦 （打成语一）,就地取材,陈言务去,灭顶之灾,教育为本,聪明绝顶,1
绝命丹 （中药名）,冬虫草,瓦松,仔料,苦参,茉莉,3
早婚晚婚 （打一俗语七字）,相濡以沫,两口子,相濡以沫,少年夫妻老来伴,爱人,3
似鼠不是鼠，无羽能飞舞，眼睛看不见，目标却清楚。 （打一动物）,兔子,霸王龙,猿类,跳蛛,白兔,4
保证弹无虚发 （打一成语）,出人意料,如坐春风,生存,谨慎小心,春秋大刀,0
哥哥尚未成亲 （打一称谓职务）,执行董事,一杯倒,检察官,兵部尚书,参谋,2
项庄舞剑 （打二字称谓）,剑圣,武僧,法师,盗贼,刺客,4
过境并非去罗马 （打一成语）,悠久,笔下生花,人弃我取,来到这里,流落异乡,4
长长脖子小小口，喝饱清水坐高楼，家中数它爱打扮，红红绿绿插满头。 （打一常见物）,跳舞兰,公主,伴娘,小盆栽,花瓶,3
单说云长父子 （打一成语）,弦外之音,一语双关,欲盖弥彰,委婉,明知故问,1
征求谜面 （打一成语）,非同儿戏,陈陈相因,悠然自得,四大皆空,远走高飞,0
像冬瓜，腰里挂，一面跳，一面打。 （打一乐器）,花棍,秧歌舞,笛子,腰鼓,三弦,4
票（打一成语）,来去分明,闻风而起,推波助浪,不甘后人,群情,0
保持美貌当丁克 （打一成语）,麻烦缠身,休戚与共,摆谱,穷则思变,做秀,1
入咸阳烧阿房 （鸟名）,秦吉了,禽言,伯劳,姑恶,雁,2
心无二用 （打成语一）,一览无余,纳谏,车水马龙,乃至,下落不明,0
武王挥师奔朝歌 （打三字称谓）,随行就市,kfs,偷工减料,购房者,开发商,3
再给妈妈一个吻 （俗语四字）,表兄妹,未尝不可,愿赌服输,顺水推舟,结发夫妻,1
使人离缺 （聊斋志异篇目）,操刀必割,人鬼情未了,锚,蕙芳,美人心计,3
胸前长两棍，底部吊长尾。 （打一物品）,充电器,接线板,吹风机,插排,热水袋,3
青竹竿，挑绿旗，几个娃娃睡泥里，细皮白肉着蓑衣。 （打一植物）,南瓜,香菇,萝卜,芋头,红薯,2
制酒专业户 （打一称谓职务）,朱大可,未来世界,船家,上校,儿子,2
格子隔，柜子隔，里面躲着四姐妹。 （果蔬）,猕猴桃,柿子,猕猴桃,樱桃,梨,4
鲜见内行乱画圈 （打俗语四字）,绚丽,晕晕乎乎,赶忙,缺衣少食,白跑一趟,4
只身离家赴官场 （打一成语）,小白脸,娑婆,母凭子贵,指鹿为马,名满天下,4
姿容小巧色空前 （打一称谓）,门联,东巴,苦行者,唐卡画,黑白战争,1
里里外外一把手 （古官职）,捕快,詹事,提辖,侍郎,大学士,2
天空中的小飞将，冬往南飞春北方。 （打一动物）,乌龟,绿头鸭,飞虫,雏鸡,小狮子,2
大肚子，鼓青筋，什么病，火烧心。 （打一物）,窗花,铃铛,蜡烛,炮竹,灯笼,3
侧面虎 （常言俗语四字）,作罢,远见卓识,不得不承认,贫嘴,大局观念,1
一物没头没心脏，体内柔软壳似钢，别看泥里沙里住，肚中却把珍珠藏。 （打一动物）,蚌,龟,螺,螃,鳖,2
小货郎，不挑担，背着针，满地窜 （动物）,刺猬,兔子,一只狼,马蜂,狗熊,3
只顾老本 （常言俗语三字）,昧心钱,闹别扭,能者为师,根深蒂固,思维惯性,0
燕归来 （打一成语）,自食其言,勾引,三思而行,应有尽有,而如今,0
全年芬芳 （打中国小说名一）,北京城杂忆,轶闻传说,防御工事,家春秋,赛金花本事,3
盲人聚会 （打一冯小刚电影）,不见不散,圆满结束,与你相约,每周三,先睹为快,0
新娘服装 （打成语一）,辅车相依,盛会,操戈入室,仁人君子,不落窠臼,3
闲话素食 （打一古代著作）,贞观政要,列女传,太平广记,冷谦,酉阳杂俎,2
几曾随逝水 （古代官名）,侍郎,都给事中,未入流,杂职,从九品,2
人间翠幕垂 （中国电影）,义不容情,包青天,神探狄仁杰,杨家将,还珠格格,4
堂前草色入帘青 （聊斋志异篇目）,守困,施父,卢梦梨,瑞生祥,曹植,1
走路唿喇喇喇，身穿八卦纱，人人都说我不大，朝廷见了也害怕。 （打一动物）,狼人,蝎子,牛头,蛇,蜥蜴,1
若得常将红袖拂 （打成语一）,遵守承诺,飞蛾扑火,以身作则,瞻前顾后,变化多端,2
七夕一度鹊纷飞 （打一成语）,水中捞月,此一时彼一时,立竿见影,鸦雀无声,挑肥拣瘦,3
月儿弯弯照九州 （苹果品种）,贡福,芒果,千裕,国光,金帅,1
山雨欲来风满楼 （三字俗语）,人生如戏,命数,不是为了爱情,天注定,来日方长,3
友谊第一 （打一俗语三字）,唱反调,爱莫能助,没出息,看我怎么收拾你,沉醉,2
身穿白大褂，长着红嘴巴。替你把信捎，准时又可靠。 （打一动物）,雏鸡,哨探,信鸽,野鸭,快马,2
凸眼睛，阔嘴巴，尾马要比身体大，碧绿水草衬着它，好像一朵大红花 （动物）,乌贼,鲮鱼,昆虫纲,松鼠,吃草,1
惊堂木一声“斩” （打一成语）,发人深省,讨债鬼,名留青史,好汉不吃眼前亏,惟命是从,0
韭 （打一成语）,兼而有之,基础,缺一不可,必要条件,面面俱到,2
公布 （歌曲名）,歌曲,男子汉宣言,夜来妖,广岛之恋,全世界都在说东北话,1
蛮藤缠竹篋 （打一称谓）,地主,警察先生,徒步,潜伏者,影视明星,1
葫芦房子麻面墙，两间小屋亮堂堂，东屋住的莺莺姐，西屋住的小红娘。 （打一植物）,腰果,核桃,花生,蚕豆,南瓜籽,4
有根无泥沙，有叶不开花，东飘又西荡，从来不回家。 （打一植物）,茼蒿,槐花,绍酒,白芋,胡椒,1
掌声响起来 （打一电影名）,鼓手,民谣摇滚,是乐队,歌唱家,音响师,4
一棵树，十八桠，又赶滚，又翻权，牵白藤，结大瓜。 （打一物）,耧,纺车,织布机,石磙,辘轳,2
头像狮子尾像枪，有翅无毛飞过江。 （打一动物）,透明的翅膀,瓢虫,蝴蝶,蜻蜓,低飞,2
齐桓尊容 （三字称谓）,小白脸,公子哥儿,骚货,色鬼,人面兽心,0
匡衡凿壁 （打成语一）,一孔之见,尺短寸长,不足为训,浅陋,以蠡测海,4
曾子何以真杀猪 （打一成语）,消失了,政府公信力,面目一新,直勾勾,喜不自胜,2
简历 （打一中国古籍）,竹书纪年,史记,武王克商,左传,国语·周语,1
十月十日 （中药名）,野草,土木鳖,胡麻,郁金,胡颓子根,2
五四徒步行千里 （打成语一）,言必有中,知恩图报,警觉,鬼话连篇,妥妥的,0
嘴大脖子细，睡觉不着地，嘴唇不动弹，喉咙唱大戏。 （打一物）,来福枪,喇叭,火箭筒,步话机,扩音器,3
麻布帐子，红绫被子，里面睡两个小胖子。 （打一植物）,芹菜,南瓜籽,尖椒,木瓜,虎刺梅,1
扑天雕倾囊相赠 （打一成语）,随处,不计其数,应有尽有,看的眼花缭乱,五颜六色,2
关公战李逵 （打一成语）,大刀阔斧,铁腕,打破常规,改头换面,拨乱反正,0
脚着暖底靴，口边出胡须。夜里当巡捕，日里把眼眯（打一动物名）,繁星,鸡,水獭,马,黑猫,4
一团幽香美难言，色如丹桂味如莲，真身已归西天去，十指尖尖在人间 （树）,佛手,白梅花,吉祥草,灵芝,莲蓬,3
丈夫正猜谜，妻却依偎来 （八字俗语）,关系户,鱼馆,上有政策，下有对策,露水夫妻,亚腐败,2
红脸蛋儿圆，味道酸又甜，熟能当菜吃，生吃味道鲜。 （打一植物）,土豆,花菜,番茄,西红柿,圣女果,2
信件须原封送达 （打一成语）,势均力敌,不可开交,闹,焦头烂额,剑拔弩张,1
反方向的激烈斗争 （打一电影）,小苍,我,使命召唤ol,爱情与遗产,我,3
宇宙飞船要密封 （打成语一）,羊质虎皮,宽大为怀,牵线搭桥,知足常乐,首屈一指,1
有翅没有毛，飞着没多高，一到大热天，躲在树上叫。 （打一动物）,胡,黑鱼,合得来,猫,抱窝,3
洁白候鸟随船跑，群飞鸣躁显暗号。 （打一动物）,海鸥,野鸭,白鹭,鸬鹚,水鸟,2
一顶小伞，落在林中，一旦撑开，再难收拢 （植物）,红薯,茨菇,小麦,小麦,茭白,2
白里透红浑身毛，果肉丰富皮儿薄。 （打一水果）,巧克力蛋糕,油桃,香瓜,海棠,橘子,1
工人运动 （打一成语）,朝朝暮暮,天各一方,再重逢,形同陌路,杳无音信,1
初更风渐起 （打一成语）,稳扎稳打,一鼓作气,以逸待劳,胜利在望,全力进攻,2
上帝安排 （打一称谓）,流浪汉,拜识,吹风机,身怀绝技,陆军学院,0
提琴二胡同伴奏 （打一成语）,山高水长,不甘后人,诸如此类,中心思想,形同陌路,2
阴盛阳衰 （打一称谓）,我的前半生,女主,玛丽苏,剧中,大男,4
花园遭灾 （打成语一）,无名火起,大煞风景,不识相,焚琴煮鹤,明珠暗投,1
矮子爬楼梯 （打一成语）,此起彼伏,滔滔不绝,牵线搭桥,大有作为,不期而遇,0
元旦放假，次日上班。 （打一俗语六字）,好离好散,和为贵,有借有还,一不做二不休,杀人灭口,3
双亲不同种，杂交不生育。 （打一动物）,白蝴蝶,蟒蛇,乌鹊,燕尾蝶,妞妞,3
头发硬如针，从小腰板挺，不怕霜和雪，寒冬过得硬。 （打一植物）,茴香籽,紫甘蓝,红果,蓖麻,银耳,4
拦路行抢抓现行 （打一成语）,瓮中捉鳖,唯二,前无古人，后无来者,邀买,重温旧梦,2
做广播操 （打成语一）,前仰后合,喜形于色,连蹦带跳,手舞足蹈,乐不可支,4
东官路上，一个娘舅，白发满头，对我点头。 （打一植物）,芙蓉,乌梅,红提,落叶纷纷,果实,1
上穷碧落下黄泉，两处茫茫皆不见 （五字电影）,笔中情,骑士的荣誉,关中枪声,昨夜之灯,把悲伤留给自己,1
冲天香阵 （中药名）,木芙蓉,凌霄花,野蔷薇,芍药,使君子,1
挂在高梁，摘落平阳，脱掉纱帽，抽掉肚肠。 （打一水果）,金橘,菠萝,血橙,草莓,小菠萝,4
打开圆，收起尖，遇到水，把花开。 （猜—生活用具）,雨伞,就在你身后,针线包,衣架,我的帽子,4
麻壳子，红里子，裹着白胖子 （打一植物）,核桃,蚕豆,花生,南瓜籽,腰果,0
头戴尖尖帽，身穿八角袍，四面无依靠，狂风吹不倒。 （打一物）,塔,复活,堡垒,candi,巴孔寺,0
有的红绿有的青，细身纱翅能飞行，捕捉小虫真灵敏，晴天飞来雨天停。 （打一昆虫）,蜻蜓,透明的翅膀,蝴蝶,低飞,瓢虫,0
眼如灯，尾如钉，半天里，过光阴。 （打一动物）,石头人,象,黑蚁,绵羊,雪蛤,2
清明过后抽新条 （打一成语）,张口结舌,守得云开见月明,热恋,一是一，二是二,欢喜冤家,3
有支笔儿真奇怪，从不写字和涂改，用时笔尖点一下，有电闪出红光来。 （打一物）,红樱枪,无纺布,地球轨道,螺丝刀,陋室铭,0
孔明挥泪斩马谡 （打成语一）,情话绵绵,日月轮回,全神贯注,把晤,腹背受敌,3
一生 （打一成语）,扫灭,再者,非驴非马,迫在眉睫,白云苍狗,1
身体瘦又长，尾巴朝上卷。 （打一动物）,蝎子,狼人,蛇,蜥蜴,牛头,2
谈谈横竖撇捺点 （打二字中药）,香附,甘草,黄芩,当归,白术,4
身纤长，有红黄，小兔子们最爱它。 （打一蔬菜）,芹菜,马铃薯,大蒜,空心菜,苦瓜,1
模特儿 （打成语一）,潜移默化,向我看齐,一言一行,以身作则,表率,3
1000 （打一成语）,阴谋论,漏洞百出,粗制滥造,不知所云,自圆其说,4
魔术招法百十种 （香港电影）,黑侠,红番区,花田喜事,花田喜事,红番区,1
三明一日游 （电影名）,小芳,嫂子,月月,卉卉,阿简,2
何谓美髯公 （打一成语）,羽毛丰满,大雁,丹顶鹤,八哥鸟,趾爪,0
宦海实录 （打一古代著作）,周礼,清代小说,唐传奇,后汉书,诗品,1
徘徊于斗牛之间 （药名）,枇杷叶,石南叶,茜草根,参三七,日式高汤,2
一枕黄粱 （打一书名）,梦之谷,呼兰河传,十八春,汕头中山公园,榴花塔,0
远看像老虎，独居喜跳跃。 （打一动物）,山茶,兔子耳朵,小狮子,萤火虫,白鹭,2
赡养子女孝敬公婆 （打成语一）,忘战必危,多难兴邦,救亡图存,保家卫国,匹夫有责,4
大众情人 （打一成语）,天崩地裂,我爱听,以酒浇愁,掩耳盗铃,上当,0
穿着大红袍，头戴铁甲帽。叫叫我阿公，捉捉我不牢（打一动物名）,蟾蜍,蜈蚣,蛇,毒虫,巨蟒,1
不见太阳不发芽 （打一成语）,再见,你我之间,来日方长,也许以后,天下没有不散的宴席,2
不养儿不解父母思 （打一成语）,十八般,小打小闹,接二连三,欲说还休,滚吧,3
镇史 （现代书名）,上海的早晨,革命现代京剧,女人风云,小城春秋,地道战,3
声泪俱下 （打一古代著作）,音学五书,近思录,二十四史,文献通考,楚辞集注,0
产品必须合规格 （打成语一）,我行我素,前仰后合,吃惊,独领风骚,异口同声,0
醉貌如霜叶 （花卉）,玉兰,黄菊,芍药,水仙,蝴蝶兰,3
二话没说 （打一成语）,无言以对,答非所问,难堪,惭愧,哭笑不得,0
红芭蕉种假山堆 （聊斋志异篇目）,令公,云翎庄,青儿,并日而食,青凤,4
审判庭里钟声响 （打成语一）,误会法,转手,搂搂抱抱,无中生有,不相上下,4
说到辛酸处 （打一成语）,出口伤人,翻旧账,小肚鸡肠,无理取闹,胡搅蛮缠,0
飞流直下三千尺 （打一成语）,道不同不相为谋,未婚夫,过誉,嗟乎,投石问路,4
邓小平过河经验 （打一成语）,大破大立,成功的经验,脚踏实地,拿来主义,摸着石头过河,4
一座石板桥，板面刻满花，桥下四桨慢慢划。 （打一动物）,棕熊,豹,飞蛾,金钱豹,蚱蜢,1
一个娃娃生得怪，胎胞怀在娘肚外，刚出世来先长须，到老珍珠满身排。 （打一植物）,白果,杂粮,茨菰,葡萄,龙须柳,3
再次竹笋 （打一聊斋志异篇目）,心雨,贱妾,男妾,蒙面人,天下第一人,2
一岁天无三日晴 （打一称谓）,侧福晋,暗许,搬砖块,外交官,剧中,3
一个佬佬，起么起得早，爬么爬得高，嘴里衔蓬毛。 （打一物）,地雷,锯,竹片,专辑,碗,4
子在川上曰：逝者如斯夫·下楼格 （民乐）,天衣无缝,羚羊挂角,轻灵,行云流水,一气呵成,3
轻轻的身子，满身是文字，有了它在身，便知远近事。 （打一物件）,内部刊物,报纸,办公桌,版面,版面,1
乍暖还寒易得疾 （打一俗语三字）,凉爽,巴不得,老姑娘,欲哭无泪,挑衅,1
生在大海岩石旁，身体柔软甲似钢，没头没脑没心脏，肚里却把珠宝藏。 （打一动物）,螺,螃,鳖,龟,蚌,0
绿林军 （打一成语）,风声鹤唳,草木皆兵,小题大做,狗急跳墙,措手不及,1
小货郎，不挑担，背着针，满地窜（打一动物名）,兔子,狗熊,刺猬,马蜂,一只狼,3
肚里都是丝，撒下天罗网。 （打一动物）,怪物,虫,蜥蜴,蝎子,蜘蛛,4
不扫房屋，不叠床被，不听啰嗦，不会下跪，不看脸色，不用俱内。 （打一成语）,自成一家,转益多师,博采众长,陈言务去,融会贯通,3
解放后至此岁末方重逢 （称谓职务）,影视明星,名嘴,大腕,主持人,窦文涛,3
下肢瘫痪 （打成语一）,兹事体大,自言自语,披红挂绿,处之泰然,为伍,3
领会了字义，写不出字体。 （打一成语）,得意忘形,贪心不足,幸灾乐祸,狂妄自大,轻敌,0
欲别频啼四五声 （古诗类别连篇目）,楚辞九歌,二言诗,二言诗,楚辞九歌,楚辞九歌,1
顶天立地黑大汉，钢筋铁骨地里钻，伸手地球肚里摸，掏出宝贝把礼献。 （打一物）,炸药,钻探机,风镐,焊枪,矿车,4
非木叶大似绿树，黄皮拨开食果肉。 （打一水果）,藤叶,荷花,海棠,苦楝树,芭蕉,1
生孩子 （打一成语）,上纲上线,金匾,撒豆成兵,生不逢辰,风行一时,3
乍见凋零遭雨损，残星寥落晓风凄。 （聊斋志异篇目）,冷生,一呵,歪厮缠,敬酒不吃吃罚酒,阴阳怪气,0
苦道来不易 （打一唐诗目）,江神子,寄令狐郎中,寻诗,野老歌,长安春望,2
身材模样翘，身披黑紫袍，头戴小绿帽。 （打一蔬菜）,苦瓜,蒜薹,白萝卜,茼蒿,茨菇,3
旅游结婚 （打成语一）,乐滋滋,喜出望外,如释重负,大惊失色,焦急万分,1
满身疙瘩丑无边，背上花斑呷呷叫。 （打一动物）,花心,狼人,卷耳猫,美洲豹,英短,3
蜂蝶纷纷过墙去 （古称谓一）,探花,前途无量,举人,进士,状元,1
红圆脸儿像苹果，肚里籽儿一窝窝，生吃熟炒都能行，又酸又甜营养多。 （打一蔬菜）,番茄,土豆,圣女果,花菜,西红柿,0
一块田，圆溜溜，里头种，外边收。 （打一物）,碾子,碓窝,辘轳,石磨,捣臼,0
小孩子，白又肥，外边披了粗麻衣，身上裹了红绫被。 （打一植物）,花生,蚕豆,核桃,腰果,南瓜籽,1
竞豪奢 （传记小说）,老残游记,曾孟朴,洪波曲,赛金花本事,李定夷,3
赤壁怀古 （称谓职务）,新闻人,方大曾,探险家,模特,战地记者,1
良言一句，感激涕零 （打一成语）,风趣,温文尔雅,应对如流,口齿伶俐,妙语连珠,2
文体大腕发脾气，此势已愈演愈烈 （八字常言）,星星之火，可以燎原,人定胜天,民族复兴,匹夫有责,我们的事业,0
身体好像毛栗子，爬将起来做鬼子，不论晴天好日子，穿了蓑衣过日子。 （打一动物）,马蜂,刺猬,一只狼,狗熊,兔子,2
论虚心 （打一成语）,无伤大体,落花流水,痛诉,郁郁寡欢,孤独,0
君王国既亡，群臣何以佐 （五字常用语）,明知山有虎,天下无难事,志者,失败乃成功之母,恒心,1
老挝首都变了样 （打一成语）,轮回,如瓷,言之有理,拙劣,不知高低,4
世道崎岖 （唐诗目一）,送邢桂州,长安一片月,将进酒,行路难,青泥何盘盘,3
坐待甘霖降 （打一成语）,孬种,朝夕相处,无隙可乘,盗匪,赛雪,1
摇摇摆摆下阴间，泪水涟涟转阳间。 （打一物）,辘轳,担杖,水瓢,吊桶,舀子,4
两个大瓦片，合成小房间，小胖娃娃抱珍珠，甜甜美美睡里边。 （打一动物）,螃,鳖,蚌,龟,螺,4
别人花红我花黄，别人生毛我生疮，别人命好我命苦，别人骑马我爬墙。 （打一蔬菜）,萝卜,黄豆芽,黄豆芽,芦笋,茨菇,1
由来胸中有龙泉 （金庸小说）,墨余生,大漠英雄传,李信与红娘子,大漠英雄传,李信与红娘子,1
头赛狮子头，尾巴赛杆枪，撒开亮纱棚，一阵飞过江。 （打一动物）,低飞,蜻蜓,蝴蝶,瓢虫,透明的翅膀,2
祖传医道 （打一成语）,历史基因,源远流长,一脉相承,生生不息,发轫,2
舟行渐远不自怨 （打成语一）,不了了之,多事之秋,无语,旁敲侧击,白头到老,0
墓碑 （打一成语）,了却君王天下事,矮子看戏,杀身成仁,人死留名,犬守夜,3
千营共一呼 （称谓）,麦克风,喇叭,报幕,话筒,音响师,3
天山童姥泪双垂 （打一成语）,羚羊挂角,行云流水,天衣无缝,轻灵,一气呵成,0
中山先生素有礼貌 （打成语一）,书生气十足,一表人才,和蔼可亲,文质彬彬,谈吐不俗,2
常山将军洒泪别 （打一成语）,稀里哗啦,临时起意,不速之客,私情密语,真相大白,0
桑蚕吐丝的后果 （打一成语）,嫁祸于人,与虎谋皮,作茧自缚,笼中之鸟,一步错,2
男足女足状堪忧 （打成语一）,在所不惜,苍桑,四面楚歌,接二连三,国民,0
家家都种责任田 （打一成语）,水到渠成,动口,把戏,血腥屠杀,苟活于世,0
人人讲文明 （打一古代著作）,辞通,许仲琳,说岳全传,文献通考,战国策,0
一个姑娘本领多，天天在家织网罗，织成网罗无事做，专网虫蚊捉飞蛾。 （打一动物）,蝎子,虫,蜘蛛,蜥蜴,怪物,2
瓤 （动物名）,黄鼠狼,猎狗,狐狸,兔子,黑猫,3
红帽子来绿衣衫，肚里藏着黑心肝，腿带细菌到处窜，惹人恨来让人嫌。 （打一动物）,蜗牛,马肉,凤头鹦鹉,听海,蝼蛄,4
能在水中游，能在地上跑，不吃鱼和虾，喜爱吃青草。 （打一动物）,山羊,鸡,鹅,鸭,鸽,4
错把孟德当翼德 （打一成语）,颠倒黑白,混淆是非,指鹿为马,诬蔑,挑拨离间,1
强行劝酒 （打一成语）,死到临头,耍花招,少废话,咱们走着瞧,敬酒不吃吃罚酒,4
两脚短短脖子长，穿了一身白衣裳，头上有个红疙瘩，游水本领高又强。 （打一动物）,鸭,山羊,鸡,鹅,鸽,4
老办法 （打二字中药名）,枇杷,乌梅,绍酒,芍药,五倍子,2
古怪古怪真古怪，骨头长在皮肉外，步子艰难走不快，却能爬到墙上来。 （打一动物）,乌龟,蜗牛,屎壳郎,青蛙,小瓢虫,0
良好之貌变了样 （古称谓一）,进士,帮主,相公,举人,举人,2
改道 （打一古代著作）,贺裳,医典,齐民要术,诗经,平山冷燕,1
坐也坐，卧也坐，立也坐，行也坐 （动物名）,黄鼬,蓝团鱼,北极熊,秋虫,野山羊,3
地窖闲置 （成语）,按兵不动,防备,辞藻,人仰马翻,按兵不动,0
天天过春节 （打一成语）,夜不能眠,愁肠百结,没着没落,度日如年,守活寡,3
粉碎了 （打成语一）,旁观者清,剖白,一语道破,故弄玄虚,勘透,2
一块土地黑又壮，不长庄稼不打粮，学生求知需要它，老师天天耕耘忙。 （打一物）,扑克牌,飞斧,发髻,滚铁环,陀螺,4
网状翅膀扇的快，奇怪大眼装小眼。 （打一昆虫）,蝴蝶,透明的翅膀,瓢虫,蜻蜓,低飞,0
青布面子，白布里子，一身扣子，扣到底子。 （打一植物）,竹子,芭蕉,一棵,松树,杂草,0
猜出一半 （打五字常言俗语）,留得青山在,君子不立危墙之下,识时务者为俊杰,一息尚存,君子不立危墙之下,0
换班时要关机 （打一成语）,不可开交,闹,势均力敌,焦头烂额,剑拔弩张,0
面貌动作全像人，就是不穿衣和裙，深山老林去采果，山洞里边来安身。 （打一动物）,番鸭,赤狐,知了,大海雀,斑驴,2
这是一个小纸袋，酸甜苦辣藏在内，有人看了咧嘴笑，有人看完掉眼泪 （打一物）,贺卡,烟盒,一沓,信封,箱子,4
后天再说 （打一成语）,不清不楚,信口开河,含糊其辞,隐晦,明明白白,2
三伏天打哆嗦 （打一成语）,在所不辞,胜利在望,中年,好景不长,笑眯眯,0
皇上盖房 （打一成语）,牛人,打拼,大亨,商业帝国,白手起家,4
大花朵，香又艳，紫白鲜红多灿烂，美丽高贵花中王，初夏争相展容颜。 （打一花卉名）,蜀葵,海棠花,水仙,芍药,牡丹,4
合起来搞，堪称一流 （打二字称谓）,大师,古武者,赌术,身怀绝技,高手,0
太岁的历史 （古书名一）,聊斋志异,红楼梦,石头记,程乙本,高鹗,3
长着尖尖嘴，是鸟不会飞；全身黑白配，集体跳下水。 （打一动物）,红袋鼠,北极熊,企鹅,非洲动物,海豹,2
样似野鸭，雄雌凑一家，夫妻好融洽。 （打一动物）,短尾猴,狼犬,天鹅,鸟儿,大熊猫,2
石头山，石头地，打了几转才出去。 （打一物）,辘轳,碾子,石磨,捣臼,碓窝,2
空袭警报 （打一成语）,一鸣惊人,成名,翘楚,后来居上,初露锋芒,0
师未出而身先死 （打一成语）,占山为王,杀人灭口,亡命之徒,打家劫舍,盗匪,2
忍者自找苦吃 （打一成语）,难能可贵,耐人寻味,含蓄,恰如其分,寓意深长,1
处子嫁个无能婿 （打一成语）,操之过急,人弃我取,不破不立,否极泰来,置于死地而后生,2
日月行天 （打成语一）,长虑顾后,笔下超生,当门抵户,来去分明,交淡若水,3
闯王族谱 （打一成语）,自成一家,陈言务去,转益多师,融会贯通,博采众长,0
白天是只银梨儿，晚上变成金梨儿，不香不甜没味儿，中间有根亮丝儿。 （打一电器）,电风扇,燃气灶,吊扇,电铃,微波炉,3
一朵葵花真奇怪，海水里面开起来，颜色美丽并不乖，小鱼小虾是它菜。 （打一动物）,山羊绒,勇,跳蛛,龙,鬣狗,3
红红脸蛋像苹果，切开里面汁儿多。生吃熟食都可以，酸酸甜甜就是我。 （打一蔬菜）,藕,干辣椒,卷心菜,胡椒,茨菇,0
白发公公种芝麻，不用锄头用脚爬。 （打一动物）,狼獾,蚯蚓,菜青虫,双峰骆驼,巴哥,1
问女何所思 （打一外国名著）,动物故事,傲慢与偏见,简爱,格林童话,爱情笔记,2
一架小飞机，飞东又飞西，来去三五里，捉虫保田地。 （打一动物）,瓢虫,透明的翅膀,蜻蜓,蝴蝶,低飞,2
茎秆直立长细毛，长长穗子空心苗。 （打一植物）,梧桐,吊兰,苦楝,薄荷,夜来香,1
小小姑娘穿旗袍，随风起舞乐逍遥。 （打一昆虫）,疥螨,甜菜夜蛾,虱子,布谷鸟,甜菜夜蛾,2
三笑 （美术电影）,猪妈妈琼琼,快乐的数字,新版猫和老鼠,烽烟图,李信与红娘子,1
头顶双叉二记，身穿八卦仙衣，喜的是小雨淋淋，怕的是青天白日。 （打一动物）,蜗牛,青蛙,屎壳郎,小瓢虫,乌龟,1
病去如抽丝 （打四字口语）,别紧张,脚踩两只船,信得过,辛辛苦苦,一本正经,3
独坐八卦阵，谁来把网投。 （打一动物）,羚羊,蠓虫,动物园里,灵猫,雕,0
千门万户日 （打成语一）,言行一致,不正之风,有板有眼,客气,交淡若水,0
考察敦煌古迹 （打成语一）,孤掌难鸣,胜负已定,坐收渔利,置身事外,作壁上观,4
头戴红缨帽，身披绿战袍，站着打秋千，巧跟逗人笑。 （打一动物）,青蛙,八哥,狗,猫头鹰,鹦鹉,2
高个子，瘦又长，开绿花，结红粮。 （打一植物）,串红,橄榄,青萝卜,地黄,枫树,0
头上光秃秃，打它笑哈哈，说它功夫好，肚里无啥啥。 （打一物）,笛子,十八罗汉,撞钟,法鼓,木鱼,0
供赏珍品失记载 （打一成语）,伸手不见五指,拖泥带水,神经刀,戏谑,少妇,0
活动地盘在墙壁，专门收拾飞蚊虫，尾断无碍会再生，医学名称是守宫（打一动物名）,壁虎,大老鼠,蜘蛛,一条蛇,蜈蚣,0
先修十字街，后造八卦台，主人中堂坐，恭候客人来 （打一动物）,虫,怪物,蜘蛛,蜥蜴,蝎子,4
幼主 （报刊名）,小说林,连环画报,中国校园文学,星星诗刊,东方少年,4
阳关三叠曲 （打一古文篇目）,出师表,三国演义,别赋,徐文长传,深虑论,2
十八除以三 （中药名）,大蓟,木通,射干,商陆,泽漆,1
青雨伞，紫竹柄，生窝小猪满田坑。 （打一植物）,芋头,萝卜,南瓜,香菇,红薯,2
姑娘爱着麒麟装，颗颗芝麻肚里藏。 （打一水果）,香瓜,番荔枝,红果,红果,水蜜桃,0
九泉相识鼓上蚤 （打一成语）,命途多舛,内忧外患,生不逢时,天妒英才,大器晚成,2
白娘子被禁 （打一成语）,一语双关,明知故问,委婉,欲盖弥彰,弦外之音,1
有座桥，不算高，你上我下真热闹。上桥一级一级爬，坐着一溜就下桥。 （打一物）,海洋球,积木,蹦蹦床,滑滑梯,跷跷板,3
影楼拒拍黑白片 （打一成语）,喜气洋洋,素面朝天,光彩照人,东方女性,白里透红,1
之乎者也，望而却步 （打四字古典名著）,曾国藩全书,论语,曾国藩全书,论语,古文观止,4
说它是牛有翅膀，两根辫子比身长，危害果木实在坏，人们叫它锯树郎。 （打一动物）,蟾蜍,瓢虫,黑蚁,马蜂,天牛,4
土地公·转珠格 （中药名）,大腹皮,球序卷耳,竹篙,米曲,泡姜,1
展翅飞翔万里行，双双慧眼识归程，千载沧桑功犹在，传递讯息献忠心。 （打一飞行动物）,雏鸡,雀鹰,信鸽,伯劳,伯劳,2
春风得意染春山 （打一成语）,含笑,喜上眉梢,高升,马到成功,乐不可支,1
一个老头真希奇，坐在屋檐下编笊篱。 （打一动物）,怪物,蜥蜴,虫,蝎子,蜘蛛,2
郎君面前宽宽心 （植物名）,莲,阆苑,芙蓉,秋月,海棠,4
主峰继续往上升 （打成语一）,人欢马叫,无穷无尽,连蹦带跳,相貌堂堂,迫不得已,1
小儿王 （四字电影）,青春万岁,碧海丹心,一个和八个,高考1977,虎穴追踪,0
浪峰上的爱 （歌曲名）,山水情,小蝌蚪找妈妈,明月千里寄相思,敢问路在何方,游子吟,0
像白糖，不能尝，撒田里，多打粮。 （打一物）,小麦,化肥,除草剂,农药,水稻,0
加班计划 （打一成语）,吞吞吐吐,原原本本,全盘托出,一五一十,郑重其事,3
直上重九 （聊斋志异篇目）,马介甫,李伯言,孙有胜,耿十八,方月娥,3
语言技巧 （打二字中药名）,香附,黄芩,白术,甘草,当归,2
说话和气 （打一成语）,说三道四,那些破事,造谣中伤,风言风语,疑神疑鬼,0
木兰 （商标品牌商号）,东芝,爱立信,丰田,富士通,toshiba,1
丈夫不循私 （打一称谓）,浮财,调解人,班长,大老粗,烫头,3
尼罗河流域 （打一成语）,打定主意,是非之地,划清界限,节外生枝,危机重重,1
天上一轮才捧出 （中药名）,瓦松,马唐,人参再造丸,松节,鬼藤,2
全国人民搞计划生育 （保健食品）,汇仁肾宝,脑白金,中华鳖精,方便面,太太乐,2
重度早泄 （打一成语）,大显身手,胜利在望,一触即发,蠢蠢欲动,硝烟四起,2
青梗绿叶子，无花结果子，滋味像江南橘子，颜色像湖南枣子。 （打一植物）,牵牛花,银耳,扁豆,荸荠,三叶草,4
毛皮大衣风雪帽，屁股挎着指挥刀，东郭老人曾相救，遇小羊它不会饶。 （打一动物）,狐猴,苍蝇,食蚁兽,泻药,开塞露,4
十尺汉子 （打一称谓）,明星,执子之手，与子偕老,道士,日本人,横祸,3
红包袱，包梳子，柱子里面藏珠子。 （打一植物）,海棠,海带,白梅,匡威,粮食作物,1
生在鸡家湾，嫁到竹家滩，向来爱干净，常逛灰家山。 （打一常用物）,烟杆,鸡毛掸子,扫帚,拖把,柴刀,2
挑战无时不在 （打一成语）,已经死了,江湖相见,坐怀不乱,性命交关,从长计议,3
把玫瑰写成了百合 （打一歌曲名）,红颜劫,郎的诱惑,三国恋,花田错,四季歌,2
幸灾乐祸 （打一古文篇名）,迂腐,筑室,移家,得过且过,而已,3
鲁达刁难郑屠户 （打一成语）,求全责备,挑肥拣瘦,残羹冷饭,精打细算,斤斤计较,0
没手也没脚，红嘴一身毛，吃在肚里好味道。 （打一水果）,桃子,沙果,小菠萝,西瓜,草莓,0
小马个不高，有脚不会跑，宝宝骑上去，前后摇啊摇。 （打一娱乐设施）,钓鱼链接,稻草人,炸弹,稻草人,炸弹,1
家兄者钱也 （中药名）,昆布,墨鱼,日式高汤,味噌酱,海带,0
刀出鞘弓上弦 （打成语一）,内讧,骚乱,剑拔弩张,不可开交,如临大敌,2
针炙行家，猜谜能手。 （打一成语）,步步为营,稳扎稳打,后发制人,一鼓作气,蚕食,2
要问海洋有多深，人们肉眼看不到，用我接受超声波，海底返回便知道。 （打一物）,探照灯,无线电导航设备,回声测深仪,陀螺罗盘,激光手术刀,2
身不满五尺，面目丑陋，头脑可笑。 （打一成语）,闷声不响,大模大样,鬼头鬼脑,怒气冲冲,径自,1
再三吻张生 （打一成语）,六亲不认,顺我者昌逆我者亡,人面兽心,神憎鬼厌,睚眦必报,0
铭记除夕应归根 （打一树名）,枫树,乌桕,鹅掌楸,鹅掌楸,乌桕,1
十指不沾泥，粼粼居大厦。 （打一成语）,牛人,商业帝国,大亨,打拼,白手起家,4
死结 （打一成语）,三下五除二,当头棒喝,暴富,唯利是图,老衲,0
太太对错要点出 （打一成语）,盛名之下，其实难副,所向无敌,逃之夭夭,不依不饶,扬名立万,1
大眼睛，亮晶晶，尾巴长，翅膀轻，飞来飞去捉蚊蝇。 （打一动物）,低飞,蝴蝶,蜻蜓,瓢虫,透明的翅膀,1
薄薄一张口，能啃硬骨头。吃肉不喝汤，吃瓜不嚼豆。 （打一日常用品）,砧板,木棍,菜刀,斧头,锅铲,2
幼时味美正好尝，大时做笛把歌唱，老时拿来撑船用，长年漂流江河上。 （打一植物）,金鱼草,红枣,核桃,红薯,刺儿菜,0
二王逝后，膺品层出 （动物名）,虎斑,点翠,玳瑁,鹦鹉,紫貂,2
浪子骂皇帝 （打成语一）,硬干,人微言轻,九天之上,近水楼台,以蠡测海,3
中午 （打一成语）,夜夜笙歌,寻花问柳,半文半白,漂亮女人,文武双全,0
古来它能传书信，如一如人群飞行。 （打一动物）,蜂猴,假如爱有天意,刺猬,鸭,百兽之王,0
说马不像马，路上没有它。若用它做药，要到海中抓（打一动物名）,沙虫,水母,海马,章鱼,龟,2
肚里有洞又有丝，稍稍洗净就能吃。 （打一植物）,苎麻,猴头菇,菖蒲,包谷粑,野蒿,0
败绩连连心犯愁 （打一成语）,肩,防患未然,徒有其表,当场出丑,一走了之,4
策坐骑而逃 （打一成语）,占山为王,张家长李家短,外强中干,债台高筑,颓唐,0
三生有誓总难忘 （打一称谓）,辛斌,国际在线,经济日报,特约记者,参考消息,3
生来朴素不华丽，一年四季穿黑衣，身子经常沾白粉，有人帮助来擦去。 （打一物）,作业本,黑板,班主任,电脑键盘,草稿纸,1
电子计算机 （打成语一）,八九不离十,信得过,底细,了如指掌,心中有数,0
方圆黑白 （打一成语）,旁敲侧击,期期艾艾,命途多舛,妍皮不裹痴骨,历史基因,2
非常希望乌云散 （打一成语）,永葆,离人心上秋,乐此不疲,唏嘘不已,谈何容易,4
金乌坠玉免升 （打成语一）,全神贯注,夜以继日,不辞辛苦,精益求精,勤勤恳恳,3
少壮肯努力 （打一成语）,风度翩翩,拉人下水,公告天下,累卵之危,得心应手,4
己巳年里人跃进 （中药名）,高粱,暖壶,车前子,冰片,鹰嘴,2
江楼翼瓦齐 （四字电影）,世外桃园,游江,拉拉渡,水上人家,庭院深深,3
100%动力 （打一成语）,检修,重型卡车,推土机,夜以继日,开足马力,4
烂泥菩萨 （打一成语）,婆婆妈妈,闷葫芦,爱计较,没出息,死心眼儿,0
嘴小架子大，让人背着它，首长作决策，它把命令下。 （打一物）,中国金融,缝合,塑料杯子,分子运动论,撬杠,2
退潮看见珊瑚礁 （打一成语）,绳之以法,身败名裂,真相大白,对质,水落石出,4
闭门 （打俗语三字）,后台很硬,势利小人,挖墙脚,关系户,领导亲信,3
清宫禁地无晴日 （打成语一）,满城风雨,众矢之的,家丑,流言四起,沸沸扬扬,0
发明纸片黏合剂 （打三字外科用药）,纱布,纱布,纱布,指甲刀,指甲刀,3
一个大懒汉，夜间到处窜，人人都害怕，只喜偷灯油。 （打一动物）,蚬子,白鹭,动物园里,黄蜂,犀,4
白衬衣，黑大褂，走起路来摇啊摇，冰天雪地也不怕。 （打一动物）,红袋鼠,非洲动物,企鹅,北极熊,海豹,2
一一松绑 （打一成语）,偏私,异彩纷呈,退路,闲谈,令人作呕,0
小家伙叫花大姐，身披花甲藏于叶。 （打一动物）,驴,勇,鹌鹑,乌鸦,羚羊,4
体形瘦长似狐狸，布满斑块条纹理，浑身发香称香狸，非洲产它最名气。 （打一动物）,雪貂,白狼,灵猫,赤狐,猞猁,2
现在住的是首套房 （打一成语）,出人意料,邀买,投畀豺虎,慌慌忙忙,当头一棒,0
尖嘴尖耳尖下巴，细腿细角细小腰，生性狡猾多猜疑，尾后拖着一丛毛（打一动物名）,蚕,龙虾,梅花鹿,鸳鸯,乌龟,0
踏雪寻梅 （打一称谓）,可兰经,临时代办,亲炙,驾驶员,权力移交,2
元 （打一俗语四字）,有两下子,心说,小白脸,那家伙,名不虚传,0
保险柜 （打一成语）,泰山压顶,旋风,铜墙铁壁,疯狂冲击,稳如磐石,2
吴国太：“玄德何时来迎亲”？ （打一成语）,鼻祖,诛灭,当头一棒,目不识丁,孤立无援,3
于我何干 （打一成语）,关公面前耍大刀,追根究底,土匪窝,目不转睛,活出幸福,0
一见如故，念念不忘。 （中药名）,松茸蘑,制香附,闹羊花,僵蚕,王不留行,4
生在树上是青的，落在地上是黄的，不用刀削是圆的，不放蜜糖是甜的。 （打一植物）,柠檬草,风信子,花生,泡姜,蔸,2
袭人无心思过失 （打三字歌曲名）,三国恋,花田错,郎的诱惑,红颜劫,四季歌,1
白柄子，青条子，扁东西，像带子。 （打一植物）,辣椒,芹菜,大蒜,茄子,洋葱,3
三个娃娃一般大，年龄相加整十八，别看他们年纪小，消灭害虫威力大。 （打一物）,蚊香,ddt,鞭炮,对硫磷,六六六,0
后羿谢日 （打一成语）,识人不清,毫无怨言,事已至此,雕梁画柱,拍案叫绝,2
无始无终 （打一成语）,剖析,绝处逢生,夹道欢迎,依然如故,挑刺儿,1
像糖不是糖，像盐不是盐，人畜不能吃，庄稼吃着甜 （农用物）,水稻,农药,除草剂,小麦,化肥,3
叫鹅不是鹅，海岛上生活，冰天雪地里，玩得真快乐。 （打一动物）,珍稀动物,乌鸦,小瓢虫,海雀,巧取豪夺,3
请勿索取 （打成语一）,无从下手,若有所失,不得要领,颠三倒四,搜肠刮肚,0
夜久语声绝 （打一成语）,草菅人命,无语,亡族,畛域,恻隐之心,1
指点芭蕉列翠屏 （聊斋志异篇目）,美人心计,花田喜事,龙门飞甲,画壁,海棠,3
肚子大，脑瓜小，胸前有对大镰刀，别看样子长得笨，捕捉呱呱叫。 （打一动物）,疥螨,河马,泥鳅,蝴蝶,兔子耳朵,3
长得又高又大，大球头上悬挂，球外棉衣裹身，只在南方安家。 （打一水果）,灵芝,巧克力蛋糕,海棠,芭蕉,石榴,4
一位绅士真耐寒，冰天雪地不取暖，白色衬衣黑礼服，走起路来爱摇摆。 （打一动物）,海豹,红袋鼠,非洲动物,北极熊,企鹅,3
听见 （打一成语）,鲜少,二流子,罔顾,超级土豪,大腹便便,1
逸仙胸中事，时铭华夏情 （古籍）,楚辞,诗品,画论,人间词话,文心雕龙,4
一代更比一代强 （打俗语三字）,永田铁山,军界,总参谋长,少壮派,走马上任,3
弹着琵琶出门去 （打一成语）,耍阴谋,居心叵测,挑拨离间,搬弄是非,借刀杀人,3
西出阳关无故人 （打一成语）,别开生面,盛会,端午诗词,深入浅出,耳目一新,0
武大郎设宴 （打一成语）,胜友如云,门庭若市,把酒言欢,杯觥交错,高朋满座,4
乔迁小巷起纠纷 （打一成语）,纵横沙场,历史叙述,肝胆相照,排除万难,兴奋不已,3
身披一件金丝绒，聪明美丽惹人宠，手是脚来脚是手，爬高上树好威风。 （打一动物）,珍稀动物,盘羊,金丝猴,大熊猫,白唇鹿,2
铁身铁长臂，专把重物提，能短也能长，能高也能低。 （打一物）,三弦,回声测深仪,绚烂,胗,回声测深仪,0
面友 （打一成语）,时过境迁,粗制滥造,耍一手,祸从口出,稀稀拉拉,3
注意两侧 （打成语一）,无措,小心翼翼,忐忑不安,羞涩,郑重其事,1
鸿画马，伯乐来相。 （打一成语）,传看,雕,新生力量,新西兰国会大厦,时过境迁,1
长长往下垂，一身绿军装，质脆而身软，夏天到处见。 （打一植物）,头昏眼晕,艾草,水草,秋风,酸角,1
细细身体长又长，身後背着四面旗，斗大眼睛照前方，专除害虫有助益 （打一动物）,透明的翅膀,蝴蝶,瓢虫,低飞,蜻蜓,1
不倒翁 （打一成语）,银样镴枪头,推襟送抱,屡试不第,人臣,老生常谈,1
一只绵羊四只角，白天饿来夜里饱。夏天出来放放风，冬天回到老家中。 （打一生活用品）,床架,被子,凉席,棉毯,蚊帐,4
珍爱吴钩少年时 （打一成语）,操戈入室,隔墙有耳,错上加错,四海为家,不打自招,4
日产千金 （中国电影）,草原恋,吕梁英雄传,鬼丈夫,月光摇篮曲,太阳的女儿,4
春来人不在 （打一成语）,懵懵懂懂,便宜行事,一网打尽,漂泊流离,明知故问,4
出身是女流，未曾上高楼，只为身怀珠宝，隐蔽不敢出头。 （打一动物）,螃,蚌,龟,鳖,螺,4
母系社会之特征 （中国电影）,白了少年头,西沙儿女,步步高升,化身姑娘,光明行,1
人约黄昏后 （打一范玮琪歌名）,偏见,是是非非,问题少年,黑暗面,边缘人,3
室内写生 （打一称谓）,插队落户,书生,瑶瑶,国际在线,小谢,1
身体笔直，小时可吃，老离故土，供人晒衣。 （打一植物）,满天星,紫灵,藕,香蕉,豆类作物,2
远远看去好似猫，行近看清连忙跑。 （打一动物）,蛹,蚕蛾,长尾巴,雀鹰,狒狒,2
身黑像木炭，腰插两把扇，往前走一步，就得扇一扇。 （打一动物）,黄雀,狗,玉兰,沙蟹,花鳗鲡,1
背后还有一个背，腿边还有四条腿，走路睡觉用不着，看书写字它要陪。 （打一家居）,墙,长凳,办公桌,门,墙,1
为一千克纠结 （打一成语）,出口伤人,斤斤计较,精打细算,鸡毛蒜皮,小家子气,1
漫步西单 （三字电影）,举目无亲,梦红颜,拜火教徒,另起炉灶,红河谷,4
一棵小树刺满身，体态好像巴掌伸，原本住在沙窝里，如今盆栽四季青。 （打一植物）,吊兰,含羞草,仙人掌,盆栽,植物,4
像糖味不甜，像盐味不咸，放到田间去，禾苗笑开颜。 （打一物）,脱掉,抽屉,桌子,草稿纸,椅子,0
为师一生未跳槽 （打一成语）,顶风作案,错上加错,寻衅滋事,屡教不改,知法犯法,3
七·卷帘格 （中药名）,高鳍红箭,五灵脂,蒲公英,天麻,桑菊饮,3
一生为官廉当先 （打一古籍）,左传,论衡,史记,志怪,礼记,4
横一条，竖一条，高一条，低一条，你走你的路，我跑我的道。 （打一建筑物）,喜来登,立交桥,红绿灯,楼梯,屋脊,3
前有毒夹，后有尾巴，全身二十一节，中药铺要它（打一动物名）,蜥蜴,蛇,狼人,蝎子,牛头,3
渡江测试 （报刊名）,网游之镖局,新技能get,路牌,聪明泉,信使,4
搜肠刮肚难得谜 （打一唐诗目）,枫桥夜泊,寻隐者不遇,山居秋暝,渭川田家,滁州西涧,1
身子只有一寸长，毛毛细刺身上长，若不小心碰到手，哎哟疼得准喊娘。 （打一动物）,土球子,天牛郎,花大姐,刺毛虫,黄鼬,3
大部分是好的 （打俗语三字）,胡搅蛮缠,得算,嘲笑,打哈哈,靠不住,4
一生不落叶，叫人帮脱衣。 （打一植物）,大豆,黄豆芽,豌豆苗,灵芝,黑瓜子,3
马后炮·卷帘格 （动物名）,短吻鳄,响尾蛇,微型导弹,信天翁,蜘蛛,1
一只顺风船，白蓬红船头，划起两只桨，湖上四处游（打一动物名）,负鼠,犀牛,鹦鹉,操戈入室,雉鸡,1
屋内一间房，有门没有窗，春风吹不进，四季冰凉凉。 （打一家用电器）,热水器,电冰箱,油汀,油汀,电冰箱,1
他曲未通，我意已通。 （打一称谓）,谈判专家,森林警察,小菜鸟,岳母,关山月,0
坏事全与己无关 （打一成语）,严阵以待,甘受,拉人下水,彼此欣赏,漂亮姑娘,2
异性兄弟 （打三字称谓）,追星族,随行就市,隔行如隔山,非主流,媳妇儿,4
一角 （打一俗语三字）,守活寡,单着,老姑娘,有出息,打光棍,4
明明齐国神仙种，仿佛眉山伯仲间 （药名）,地砖,生地黄,生地黄,苏合,蚊帐,3
小小身子钢骨架，有圆有扁满身牙，遇有不平就出场，哪怕它是铁疙瘩。 （打一物）,锉刀,锯子,刮削,刃口,老虎钳,1
猜谜更使人生慧 （打一中草药名）,桔梗,参三七,白术,消乳,白小娘,1
头戴红缨帽，身穿绿战袍，说话像人语，你说它就学。 （打一动物）,八哥,狗,青蛙,猫头鹰,鹦鹉,1
不露脸 （食品）,小饼干,味精,白糖,鸡蛋糕,豆角,3
生在无锡街中，自小生来称公公，不怕英雄，只怕孩童。 （打一物）,敲鼓,陀螺,秤砣,木偶,不倒翁,4
棒责 （打俗语三字）,老姑娘,打光棍,单着,守活寡,有出息,1
童话剧 （打一成语）,置之不顾,轻率,兹事体大,视同儿戏,犯上作乱,3
象牙床，红绫被，绿官娘子在里睡。 （打一植物）,丁香,桂花,花菜,大丽花,爬山虎,1
唯愿铁甲千斤沉，何须细腰掌中轻 （七字俗语）,生搬硬套,生搬硬套,只重衣衫不重人,眉毛胡子一把抓,泛泛而谈,2
虎年谈虎 （打一成语）,风言风语,造谣中伤,说三道四,疑神疑鬼,那些破事,3
海上一只鸟，跟着船儿跑。冲浪去抓鱼，不怕大风暴（打一动物名）,鸬鹚,白鹭,水鸟,海鸥,野鸭,2
琴房 （打一成语）,言行相诡,唯愿,待人以诚,博采众长,累卵之危,3
瞎子吃混沌 （打一谚语）,底细,八九不离十,信得过,心中有数,了如指掌,1
只识弯弓射大雕 （打二字称谓）,师叔,剑圣,吉时,教官,影视明星,1
故乡 （中草药名）,当归,桂枝,黄芩,熟地,苍术,0
一群废物 （打中药名一）,通草,土茯苓,枇杷叶,当归,芦根,0
就图个团团圆圆 （打一成语）,占理,一波未平一波又起,风声鹤唳,土匪窝,遗臭,0
三强只到过俄国 （打一成语）,列女操,软骨头,沽名钓誉,隔三差五,拉呱,3
残花弄影夕阳下，独揽斜竿扬小帆 （中药）,昆布,墨鱼,海带,日式高汤,味噌酱,1
终于谈到阿Q （打成语一）,一睹为快,别着急,言归正传,大家说,今天我,0
单行道 （打成语一）,守株待兔,成双作对,精神抖擞,阴阳怪气,情话绵绵,1
得了皮肤病，夫人心烦闷。 （打一成语）,回老家,似是而非,难兄难弟,头头是道,欺人之谈,2
十艺九不成 （打一成语）,花枝招展,食不甘味,吾身,一鼓作气,可有可无,4
一物有三个口，一个口进，两个口出。 （打一物）,土炕,头饰,小全张,凉席,鼻梁,4
烂毛里搀猪毛（打一成语）,吝啬,因时制宜,人声鼎沸,无微不至,虚怀若谷,3
矮子穿长袍（打一成语）,过得去,明媒正娶,荒郊旷野,引火烧身,一溜烟,1
像棉不是棉，名字蛮新鲜，石油提练出，抽丝在车间 （化学制品）,涤纶,化学纤维,人造丝,棉花,无纺布,3
曹雪芹著书，无钱买灯油。 （打一成语）,想得美,滑天下之大稽,白日做梦,省省吧,贪心不足,4
粮棉增产 （打成语一）,丰衣足食,富贵荣华,安居乐业,自力更生,小康水平,0
拍马屁拍到马腿上 （打一成语）,安于现状,眼高手低,一事无成,自命不凡,穷二代,1
羊肠小道 （鸟名）,翠鸟,鹭鸶,野鸭,鸬鹚,白鹤,4
客人随后跟 （打成语一）,旦夕之间,死而复生,死心塌地,龙马精神,极致奢华,0
身披鳞甲色红黄，不做羹来不做汤，四海虽大非吾愿，半缸清水过时光。 （打一水下动物）,金鱼,青蛙,锦鲤,小鸭子,蝌蚪,0
生财有道 （打一成语）,饱食终日,疯疯颠颠,心灰意懒,穷极无聊,不务正业,0
老公和老婆 （打一成语）,夫唱妇随,佳偶,天作之合,亲上加亲,琴瑟和谐,0
十个男儿九粗心 （打一成语）,昏庸,英主,雄才大略,千古一帝,足智多谋,2
开花不与我商量 （打一成语）,不知好歹,先斩后奏,怪罪,临时起意,自作主张,0
中国人从此站起来 （打一农谚）,芒种,二月二,大地回春,龙抬头,大地回春,1
生成乌龟样，披件红衣裳，趁人不防备，爬来抽血浆。 （打一动物）,大海雀,虫子,死射,千里光,蚬子,4
少年爱作大人貌 （三字俗称谓）,小白脸,兄弟呀,未婚夫,未婚夫,未婚夫,0
周游列国广见识 （报刊名）,细作,芒种,中央公园,雅俗共赏,文学少年,4
说他是条牛，无法拉车走，说他力气小，却能背屋跑（打一动物名）,蜗牛,屎壳郎,乌龟,小瓢虫,青蛙,0
外面着麻衣，里面着红衣，当中一个白小子。 （打一植物）,花生,南瓜籽,蚕豆,腰果,核桃,2
不忍伤害老上级 （打一成语）,时间问题,杀人灭口,安民告示,更新换代,目不转睛,1
小小巧巧，红顶毡帽，油绿箭衣，广纱外套。 （打一动物）,蚊子,蚂蚁,瓢虫,老鼠,苍蝇,1
滂沱大雨能见度低 （打一成语）,下落不明,被害,已经死了,全军覆没,安然无恙,0
生死轮回 （打一成语）,生来死去,缘起缘灭,尘归尘土归土,梦幻泡影,人事有代谢,0
弃文就武 （打一成语）,一路平安,生死恋,雄才大略,烧麦,出名,0
个个不提寒心事 （打一成语）,日思夜想,居家过日子,生怕,不切实际,五大三粗,3
头顶金冠披黑衫，静静坐在水中央，弯着长脖左右瞧，展翅飞翔到蓝天。 （打一动物）,啄木鸟,斑林狸,海东青,蚕豆,汪,2
娘死三年才生我，我死三年娘还在，是木头又不能生火，是耳朵又不会听话。 （打一植物）,香菇,海带,豆腐皮,木耳,菠菜,0
细长身子滑又溜，把家它在泥里头，下雨之前吹泡泡，帮助你来测气候。 （打一动物）,淡菜,肤轻松,鹦鹉,短吻鳄,猩猩,1
一样悲欢逐逝波 （打一四字常言）,出头鸟,替死鬼,将计就计,借花献佛,顺水人情,4
风云密布 （打一成语）,虎虎生威,裘弊金尽,踏步不前,卓尔不群,逃生之路,3
金乌海底初飞来学校 （称谓职务）,护士,山西家信,省长,参军,奖状,0
撑起绿旗，披上蓑衣，呆头呆脑，藏在泥里。 （打一植物）,香菇,芋头,萝卜,红薯,南瓜,2
关胜迎战黑旋风 （打一成语）,铁腕,打破常规,拨乱反正,大刀阔斧,改头换面,2
远看像土豆，近看毛茸茸，好吃不好玩，像个小猴头。 （打一水果）,桑葚,山竹,龙眼,胡柚,荔枝,2
长得又高又瘦，身上有骨没肉，常年不穿衣裤，两头却钉纽扣。 （打一物）,背篓,箢子,扁担,箩筐,锄头,0
一对黑母鸡，吃泥不吃米，雨天吃得饱，晴天饿肚皮。 （打一物）,雨鞋,伞,打赤脚,棉袜,袖套,1
一网悬半空，主人坐网中，专捉飞来将，捕蝇吃蚊虫。 （打一动物）,蝎子,蜥蜴,虫,怪物,蜘蛛,4
阮氏三雄 （三字电影）,平起平坐,老资格,呼风唤雨,人才济济,小字辈,4
让红旗插遍大地 （中药名）,再造丸,龟龄集,中药,女金胶囊,定坤丹,2
背上背着屋，顶上顶着角，屋是一个壳，角是两条肉。 （打一爬行动物）,青蛙,蜗牛,乌龟,屎壳郎,小瓢虫,1
三角脑袋披绿袍，最爱不时耍大刀。 （打一动物）,动物园里,鹤,蓝马鸡,跳蚤,蚕豆,1
一只大炮筒，张嘴雾蒙蒙，果园来回跑，除病灭害虫。 （打一物）,靰鞡,衣架,锅,药碾子,潜水服,3
秋风吹渭水 （四字俗语）,流里流气,不上不下,扭扭捏捏,窝憋,难为情,0
头顶两只角，身背一只镬。只怕晒太阳，不怕大雨落（打一动物名）,屎壳郎,小瓢虫,乌龟,蜗牛,青蛙,2
叶纷飞、花凋零，烟散雨蒙蒙 （打成语一）,落落大方,端庄,秀外慧中,举手投足,温文尔雅,0
中途遇僧人 （打一成语）,变化无穷,帮帮忙,悠然自得,知法犯法,明白人,3
身体半球形，背上七颗星，专吃小蚜虫，棉花最欢迎。 （打一昆虫）,蟑螂,黄渡,鳄鱼,盲僧,瓢虫,4
小小诸葛亮，独坐军中帐，摆成八卦阵，专抓飞来将（打一动物名）,蠓虫,老虎,龟,海豚,狍子,1
有翼无毛肚里空，有头无项响如钟，今年八月回家去，明年端午再相逢。 （打一动物）,死射,猞猁,鹦鹉,雏鸡,菜青虫,3
保护视力 （打俗语三字）,爱面子,斤斤计较,小心眼,无理取闹,记仇,2
忽闻楚歌，一败涂地 （汤剂名）,鸡鸣散,指迷茯苓丸,延胡索,防己,当归拈痛汤,0
进出口 （打一成语）,期期艾艾,支支吾吾,吞吞吐吐,吱吱唔唔,张口结舌,4
一天过去，脱件衣裳，一年过去，全身脱光。 （打一物）,塑料玩具,捣臼,呼噜噜,炕,空姐,4
一棵树，屋檐高，周身生仔裹脚条，叭哒一刀，合仆一跤，掮掮就跑。 （打一植物）,甘蔗,白芋,芦粟,稻子,罗汉豆,0
两个小偷密谋 （打一成语）,吞吞吐吐,曹冲称象,心病还需心药医,此地无银三百两,夏日可畏,3
东墙不念情 （打三字古代书名）,聊斋志异,王实甫,西厢记,红楼梦,元杂剧,2
两个姐妹一样高，天天炉边捡柴烧。 （打一物）,吊耳,泡沫灭火器,小鸡,收音机,割炬,4
一夜无话，天亮再说。 （打一成语）,三言两语,占山为王,转述,犹豫不决,两宫太后,0
又圆又扁，顶到老婆肚脐，腰尽挪尽挪，脑壳尽点尽点。 （打一物）,漂白剂,绑绳,冰片,砟,漂白剂,1
水中贝 （打一成语）,乌合之众,兵败如山倒,一触即溃,望风而逃,丢盔弃甲,3
身上红彤彤，心里亮晶晶，节日上门楼，脸上笑盈盈。 （打一物品）,蜡烛,铃铛,窗花,灯笼,炮竹,3
泉孔 （金鱼品种）,舌大,金鱼,红顶虎,波斯猫,水泡眼,1
山雨欲来风满楼 （打一称谓）,谭奇川,烦恼的喜事,气象先生,春归红楼,何岩柯,2
体魄 （中国电影）,腊尽,幸福最晴天,吸毒女,这片黑土地,愤怒的人,2
歇时不见脚，行时八只脚，休道我脚多，肚里还有两只脚。 （打一物）,手帕,霹雳,筛子,野万年青,十字镐,2
一缕杨柳含春意，半江清流映斜辉 （名著）,红楼梦,金陵十二钗,聊斋志异,曹雪芹,西厢记,4
围篱安居 （打一称谓）,体育记者,特约,撰稿人,专栏作家,名嘴,1
关胜李逵亮兵器 （打一成语）,铁腕,拨乱反正,打破常规,大刀阔斧,改头换面,3
向前看能消愁解闷 （打成语一）,隐瞒,挑拨离间,扫灭,没落,劳民费财,4
节流计划 （打一成语）,不足为奇,高徒,撞破南墙,明白人,万壑争流,0
过磅验收 （打一成语）,出口伤人,小家子气,斤斤计较,精打细算,鸡毛蒜皮,2
边走边哭诉 （打一成语）,天衣无缝,轻灵,一气呵成,行云流水,羚羊挂角,3
一石激起千层浪 （经济作物）,夏玉米,莴笋,水稻,胡萝卜,水稻,2
头大身子细，黑红珍珠粒，能养人和马，可造白兰地。 （打一植物）,小麦,玉米,青稞,糜子,高粱,1
身穿麻布漏斗，抬到黄牙海口，有力进口，无力出手。 （打一动物）,蚬子,墨鱼,蛤蜊,海螺,沙蟹,0
仁 （打一旧称谓）,扁担,乔治·桑,世兄,令郎,音乐家,2
繁红一夜经风雨 （三字口语）,有出息,单着,打光棍,老姑娘,守活寡,0
牛犊山坡奔得欢 （打一成语）,拉杆子,不男不女,打了就跑,无心之过,妙不可言,2
共八十二加二 （小说）,中国作家,棋王,世界智力运动会,保卫延安,世界智力运动会,0
没有脚，没有手，背起房子慢慢走。 （打一动物）,小瓢虫,青蛙,蜗牛,乌龟,屎壳郎,2
小时嫩又绿，大了有出息，身体节节高，头上顶火炬。 （打一植物）,糜子,玉米,小麦,青稞,高粱,1
文化兵 （打一成语）,官僚,广开言路,繁荣,有识之士,群策群力,3
小小古月有黑白，若要用时将它拍。 （打一植物）,蒜,葱,茴香,胡椒,罗勒叶,2
一阵狂飚吹落雨 （打一称谓）,朱棣文,特命全权大使,老公公,澎湃新闻,作家,4
一朵葵花海里开，颜色艳丽真可爱，引得小鱼小虾来，抓住它们当小菜。 （打一动物）,獭兔,投食,金雕,田鼠,退票,3
虎头燕尾，一张硬嘴，吃铜咬铁，不知劳累。 （打一工具）,裁纸刀,撬杠,锯子,缝衣针,老虎钳,4
披着大黄袍，戴着大围脖。 （打一动物）,羚羊,大象,老虎,百兽之王,狮子,0
我当将军一寸长，身挂万把刀和枪，三岁娃娃来找我，哭哭啼啼喊爹娘。 （打一动物）,蜈蚣,蛇,巨蟒,毒虫,蟾蜍,1
获奖号码记在胸 （打一成语）,信得过,底细,心中有数,八九不离十,了如指掌,2
今后才能当领导 （打一成语）,也许以后,来日方长,你我之间,天下没有不散的宴席,再见,1
一吻入高堂 （打一称谓）,公爹,亲家母,婆婆,儿媳,二婶,1
劝以千金市骨 （打一外国称谓）,哈里发,查理一世,罗马教皇,王储,君士坦丁,4
生在湖畔喜欢水，性情残暴不孤独，皮毛随着季节变，冬天稠密夏稀疏。 （打一动物）,獭兔,梅花鹿,水貂,山羊绒,貉子,3
山呼万岁 （鸟名）,叫天子,使我不得开心颜,扑楞楞,花喜鹊,登高,4
绝色 （打成语一）,哭笑不得,难堪,无言以对,答非所问,惭愧,2
怀疑病 （打成语一）,肆虐,水落石出,诗品,唇枪舌剑,谦虚谨慎,3
哑巴說话 （打一常用成语）,与虎谋皮,呼风唤雨,翻手为云,四面楚歌,机关算尽,3
法官精减主审员 （打三字称谓）,交警,录问,kfs,门外汉,义父,3
身子还没腿儿长，空中也能盖座房；不用泥砖不用梁，爬过之后就是床。 （打一动物）,蜘蛛,虫,蜥蜴,怪物,蝎子,1
一服见效 （打四字俗语）,对症下药,夸下海口,丢了西瓜拣芝麻,夺路,穷追不舍,0
一路风光如画图 （打一书名）,文化苦旅,动机与人格,李泽厚,美的历程,西方哲学史,3
长兄为父 （古称谓）,大管家,左膀右臂,少奶奶,二把手,顶头上司,2
处处居首位，坚定不能移，别人皮包骨，我是骨包皮。 （打一物）,蓑衣,白巾,粗布,斗笠,蒙面人,4
上天从云，下界随虫 （动物名）,青口贝,罗非鱼,龙虾,螃蟹,生蚝,1
朝来初听马蹄声 （三字俗语）,哪会,平白无故,老家伙,谁知道,天晓得,3
一物三个口，人人都有，人在物不在，难见亲朋友。 （打一物）,吊扇,色拉油,随身听,十字镐,钥匙,4
世上谁人不识君 （球星雅号）,教父,史努比,里瓦尔多,足球皇帝,普拉蒂尼,0
马上到海南 （中国电影）,龟,西海,蛇岛,水母,龙宫,2
结绳治政 （书目）,竹书纪年,史记索隐,艺文类聚,通典,裴骃,0
头戴清凉伞，身穿紫龙袍，别人道我年纪小，瞧我胡须都白了。 （打一农作物）,香菇,南瓜,萝卜,红薯,芋头,1
一物生来四只脚。瓜子脸，梅花脚，五六月间穿皮货。 （打一动物）,兔子,黑猫,黄鼠狼,猎狗,狐狸,3
天下奇花有百家，怎比昆明这一花，红色不矫形如树，名扬四海大家夸。 （打一花卉）,山茶花,野蔷薇,小雏菊,牡丹,风信子,3
长长一只篓，上下三个口，有我才出门，没我无法走。 （打一生活物）,洗衣粉,奶嘴,烟杆,电击器,缝衣针,4
吊睛白额隐约可见 （报刊名）,虎影,醉步,说时迟，那时快,一啸,龙,4
壮丽 （打一报刊名）,健与美,国标舞,摄影世界,跆拳道,足球宝贝,0
绝顶双峰横锁抱 （聊斋志异篇目）,杨福,刘达,令公,王成,张老,0
关云长与程咬金 （打成语一）,打破常规,拨乱反正,改头换面,铁腕,大刀阔斧,0
高原之舟全身宝，耐寒耐饥体质好。 （打一动物）,蜈蚣,鳗,箭毒蛙,纺织娘,鹿肉,4
大巧背小巧（打一成语）,一个萝卜一个坑,构陷,旁门左道,普天之下,乐极生悲,2
有位古怪老公公，网儿撒在半空中，早上网得珍珠子，晚上网得小飞虫。 （打一动物）,虫,蜘蛛,蜥蜴,怪物,蝎子,1
千万要记住 （打一成语）,心中有数,八九不离十,底细,信得过,了如指掌,1
直欲樵渔过此生 （八字俗语）,船上人家,靠山吃山，靠水吃水,得天独厚,鱼馆,就地取材,1
化妆表演 （打一成语）,以眼还眼,麻木,回心转意,心思缜密,欲盖弥彰,0
多年的种子未发芽 （打一成语）,轻灵,久经沙场,看的眼花缭乱,直插云霄,笔走龙蛇,1
生死恋 （中国电影）,人鬼情,聂小倩,霸王别姬,潘金莲之前世今生,聊斋,0
到这里为的是扫平威虎山 （打成语一）,笺天,绳之以法,不容分说,一触即发,瓮中捉鳖,3
没有什么不能说 （打一成语）,不务正业,穷极无聊,饱食终日,疯疯颠颠,心灰意懒,0
大红灯笼高高挂，火焰般的胖娃娃。 （打一水果）,沙果,山楂,释迦果,芒果,海棠,3
兄弟五六个，围着圆柱坐，大家一分手，衣服都扯破。 （打一植物）,芹菜,茄子,洋葱,大蒜,辣椒,2
一个哥哥凸肚皮，生对耳朵让人提，不怕水来不怕火，就怕肚里没东西。 （打一生活物）,收音机,指甲刀,鞋,指甲刀,凉席,2
红的瓜绿的瓜，一条细藤牵着它，藤儿断了瓜不落，飞上蓝天不回家。 （打一物）,地雷,敲开,阳台门,泡沫灭火器,鱼雷,4
欢乐进万家 （三字电影）,雅俗共赏,雪村,杨家将,锦绣国际,冰山上的来客,2
小偷的本领（打一成语）,一心两用,全局在胸,随机应变,知己知彼,眼观六路，耳听八方,0
不图外表图内心 （韵目）,思归乐,车前子,六鱼,车前子,三肴,2
巨人照 （打一成语）,大显身手,粉墨登场,初露锋芒,比拼,用武之地,0
生的伟大，死的光荣。 （花卉树木）,萱草,女贞,节节花,老少年,普赛克,4
家家户户戴口罩 （打一成语）,的幸福生活,听之任之,暖锅子,弹指之间,纷纷攘攘,1
“杭”错写成“航” （打一成语）,豆腐,死者为大,疑虑,一顺百顺,四处张望,3
行行复行行 （打一称谓）,九叔,三哥,五爷,嫂子,老弟,0
的士只搭熟乘客 （打一成语）,深入浅出,耳目一新,端午诗词,盛会,别开生面,4
千门桃与李 （中国电影）,腊尽,花枝俏,万家春,布谷,燕舞莺歌,2
空中小姐零用钱 （打成语一）,天女散花,腾云驾雾,蝴蝶,凌空飞舞,焰火,0
一棵古树十八丫，又结葡萄又结瓜，又结芝麻共枣子，又开栀子牡丹花。 （打一植物）,包谷粑,油茶,桂花,刺梨,枇杷,2
家里没别的 （打一成语）,劝告,青黄不接,出发点,拉呱,自扫门前雪,1
妹妹的诗稿今何在 （打成语一）,破口大骂,怒火中烧,咬牙切齿,暴跳如雷,气不打一处来,4
宁可食无肉，不可居无竹 （外国电影）,茶花女,简·爱,玩偶之家,悲惨世界,莎士比亚戏剧,1
照相底片（打一成语）,诬蔑,挑拨离间,颠倒黑白,指鹿为马,混淆是非,2
余死后可火化 （打成语一）,极致奢华,熏陶渐染,日下无双,榜尾,神不守舍,4
智斗 （打一书名）,亲密无间,子夜,三言两拍,卡伦·霍妮,望舒,2
侈 （打成语一）,疳证,毫不含糊,愚不可及,敲山震虎,愣愣,2
头戴红纱帽，身穿黑外套，登台做手势，走路唱徽调。 （打一动物）,蚂蚁,苍蝇,蚊子,老鼠,瓢虫,0
雨打螃蟹螃蟹跑 （打一成语）,抗手,横行天下,不过尔尔,举世无敌,望风而逃,4
身披一件大皮袄，山坡上面吃青草，为了别人穿得暖，甘心脱下自己毛 （动物）,狒狒,牦牛,野驴,骆驼,绵羊,4
身强力又壮，终生帮人忙，可叹老年时，却在刀下亡。 （打一动物）,蟒蛇,看家狗,黑猩猩,浪人情歌,屎壳郎,1
小伞一把把，长在大树下，不能当伞用，做菜顶呱呱。 （打一植物）,刺儿菜,马莲花,竹,山楂,柿子,4
牛郎织女一线牵 （外国民歌）,星星索,数字商标,客户群体,星星索,客户群体,0
秀才作清道夫 （打一成语）,道貌岸然,斯文扫地,滑天下之大稽,丑态百出,寡廉鲜耻,0
莫待晓风吹 （花卉树木）,虞美人,酴醾,夜合花,雁来红,天仙子,2
天下三分，前已注定。 （打一世界名著）,空镜子,我的前半生,一仆二主,虎妈猫爸,山楂树之恋,0
玉麒麟梁山翻船，黑旋风浔阳落江。 （打一成语）,匆匆,一团糟,被害,严惩不贷,神来之笔,4
青蓬蓬，蓬蓬青，泥土下一个红妖精。 （打一植物）,菠菜,西兰花,南瓜,柿子椒,胡萝卜,1
红姑娘，坐高楼，刮大风，摇摇头。 （打一农作物）,糜子,玉米,青稞,高粱,小麦,1
美德册帙内，光彩天地间。 （打一称谓）,消防兵,田和喜,中校,变态,老书记,4
一物原非是巧裁，高人巧手做出来，欲寻短路投水死，恩情不断再回来。 （打一物）,水瓢,舀子,吊桶,担杖,辘轳,1
最喜雨雪狂舞状 （六字俗语）,惹翻,吃不了兜着走,唯恐天下不乱,小鞋穿,颠三倒四,2
开园优惠20% （打二字中药名）,八角,葱,草果,绍酒,茴香籽,2
竹将军筑城自卫，纸将军四面包围，铁将军穿城而过，木将军把住后背。 （打一物）,炮竹,蜡烛,窗花,铃铛,灯笼,1
从南来个黑大汉，披着蓑衣露着蛋。 （打一动物）,苍蝇,蚂蚁,老鼠,瓢虫,蚊子,1
再次引产 （打一俗称谓）,呼风唤雨,印度英语,牌子曲,婆娘,老资格,3
腿长脚尖，爱画圆圈。 （打一文具）,橡皮,铅笔,尺子,圆规,剪刀,3
身体一节像根竹，削去青皮见白骨，刀砍斧劈去两头，只吃生来不吃熟。 （打一植物）,铁观音,慈姑,桂花,番茄,枣子,0
三分之二为须眉 （8字小说名一）,男人的一半是女人,杂文集,少年维特之烦恼,三言两拍,短篇小说,4
百合花，尖尖叶，苗像青蒜花似蝶。 （打一花卉）,香雪兰,马蹄莲,名花,茉莉,蜀葵,4
缄口不语 （打一古代著作）,文献通考,医典,残本,道藏,孝经,1
稿 （打成语一）,避招,书痴,豆蔻年华,溢美之辞,大模大样,4
女娲补天之物，穆王出游之骑 （商标品牌商号）,血豹,富康,华帝,金利,陈参墓,4
群峰霞映 （打一现代书名）,狼图腾,飞鹰,钢铁是怎样炼成的,矿山风云,保卫延安,3
天生一副奴才相，守在大门正中央，白天贪玩又好耍，晚上值班它最行。 （打一动物）,这种虫,灵猫,蛹,鸽,中华鳖,3
高丽 （花卉树木）,凌霄花,野蔷薇,芍药,木芙蓉,使君子,3
雨露均沾 （打成语一）,正题,笑逐颜开,异口同声,推己及人,缺衣少食,4
两块银瓦片，盖个小房间，有个胖娃娃，乖乖睡里边。 （打一动物）,螺,蚌,龟,鳖,螃,0
不正之风 （打俗语四字）,公子哥儿,油头粉面,流里流气,小混混,文质彬彬,2
样子像大鱼同，聪明又淘气；海中能救人，还能耍杂技。 （打一动物）,鲫鱼,丹顶鹤,猩猩,短吻鳄,中华鳖,4
风入四蹄轻 （称谓职务）,整理书包,美食家,爸爸,掌门,高才生,3
巴黎机场降落 （打一成语）,耳听八方,第六道,传道授业,吹弹得破,一传十，十传百,0
要想逃跑快加鞭 （四字常言）,夸夸其谈,趋炎附势,阿谀奉承,溜须拍马,见人说人话，见鬼说鬼话,3
小事一概不管 （打一称谓）,黎元洪,北洋政府,大总统,一级上将,首相,4
下笔总觉不灵敏 （野生蔬菜）,猴头菇,马铃薯,柞蚕,毛木耳,羊肚菌,0
对以前太多留恋 （打一称谓）,撰稿人,工程师,茅台,森林警察,青年作家,1
远看如一庙，近看无人到，脚踏机关动，小犬两边跳。 （打一物）,拖船,大麻,引信,锣,人行道,1
短头圆长头方，工作地点在厨房。平时休息不言语，工作起来响叮当。 （打一用具）,菜刀,木棍,锅铲,斧头,砧板,3
毛茸茸像羽毛，大风一吹到处飞。 （打一植物）,刺玫,蒲公英,决明子,车前草,马齿苋,1
我乃操刀鬼，他是锦毛虎。 （打一成语）,慌慌忙忙,恰恰,溃退,一马当先,驾鹤西归,3
大尾巴，尖嘴颏，蹦蹦跳跳采松果，夏天树上去乘凉，冬天树洞里面躲。 （打一动物）,矮脚马,猫头,双星恨,朱鹮,小海豹,1
一只赤膊鸡，出门办冬衣，冬衣办归来，着拉着拉敲一顿。 （打一植物）,地黄,菖蒲,仙鹤草,山芋,茨菇,1
千言万语肚里装，结伴成群去远方，天涯海角寻亲友，不见本人不开腔。 （打一物）,信封,一沓,箱子,烟盒,贺卡,2
未有交易 （鸟名）,妙音,鹤,禽经,思归乐,琴心,2
如今跳槽十分多 （打一成语）,牵肠挂肚,含辛茹苦,斜刺里,难事,善男信女,3
远看青龙利爪，近看黑虎尖牙，用时抛将出去，不用再往回拉。 （打一物）,圆木,火柴,竹帘,安全降落,卡片,2
凭天险联刘抗曹 （打一成语）,权宜之计,师出无名,最终目的,迫不得已,掣肘,0
身圆圆，嘴尖尖，身上没弓只有箭。 （打一动物）,兔子,刺猬,一只狼,马蜂,狗熊,1
黄连子 （打成语一）,金银满地,如卿,被害,迫不得已,诗书礼乐,3
皮包骨头一条腿，用时却能遮住天。 （打一物）,扩音器,扩音器,挂历,泡泡糖,豪饮,2
长尾巴，大眼睛，透明翅膀轻又轻，四处飞奔忙不停，消灭害虫有本领。 （打一昆虫）,低飞,蜻蜓,透明的翅膀,蝴蝶,瓢虫,3
既讲优点，又讲缺点。 （打一成语）,数典忘祖,至高无上,强人所难,风趣,超群,2
既无叔伯，终鲜兄弟 （打成语一）,历史基因,生生不息,源远流长,一脉相承,发轫,3
闪闪航标 （二字电影）,苦行者,地下的天空,家丁,牧人,复仇,4
古老西点散奶香，水果装扮不一样；朋友爱把它来抢，鼻子抹点更漂亮。 （打一食品）,水果派,曲奇饼干,面包,蛋糕,巧克力,3
千古流芳 （中药名）,血竭,佛手柑,没药,安息香,薄荷脑,3
考虑不足 （打成语一）,群策群力,怔住,腐儒,傻呵呵,善罢甘休,4
一切错误归他人 （打一成语）,煽风点火,却之不恭,安安稳稳,多年不见,雅量,1
言必有果 （中药名）,云实,野芋,商陆,木通,奈何草,3
门户之见 （打一称谓）,姥姥,破落户,小翠,外商,前途无量,1
大长方，吸水强，擦身遮体不可缺。 （打一生活用品）,效率手册,效率手册,蚊香,帕玛强尼,雨伞,4
用它先鞠躬，然后才开口，没听说什么，转向往回走。 （打一物）,塑料杯子,暖壶,热水瓶,卫生纸,痰盂,0
长长方方一块田，九十一颗田螺在中间，会拾的来拾，不会拾的看看。 （打一物）,脸盆架,小麦,心电图机,钩针,擀面杖,3
弯下腰来，方能猜中 （打成语一）,推己及人,故作姿态,津津乐道,敬而远之,人世沉浮,0
眼睛圆，嘴巴尖，背着刺儿到处钻。 （打一动物）,狗熊,一只狼,兔子,刺猬,马蜂,3
青竹竿，十八节，顶头坐个关老爷。 （打一植物）,青稞,糜子,高粱,玉米,小麦,3
折戟沉沙铁未销 （新闻界称谓）,战地记者,模特,方大曾,新闻人,探险家,3
离群孤雁复归队 （四字口语）,重新做人,洗心革面,从轻发落,痛改前非,悔悟,2
一只顺风舟，白篷红船头，两把红划桨，拨波随意游。 （打一动物）,鹅,鸭,山羊,鸡,鸽,4
欲渡无舟楫 （打一常言俗语三字）,行家,耍手腕,真丢人,自我感觉良好,无本生意,2
介绍剃须力 （称谓职务）,王储,说说心里话,田和喜,承办人,泰伦·卢,3
长长脖子似灯塔，身上开满褐色花。 （打一动物）,小白兔,羊驼,广岛之恋,灵猫,莲蓬,0
小小东西一寸长，身挂万把刀和枪，要是娃娃碰上它，哭哭啼啼喊爹娘。 （打一动物）,花大姐,刺毛虫,黄鼬,土球子,天牛郎,1
常年站在公路旁，不叫苦来不换岗，三岔路口扎下根，专给车辆指方向。 （打一物）,空姐,匾,灯笼,铁锤,北头,0
季布一诺增光彩 （聊斋志异篇目）,连城,浮云半书,小官人,小雅,祭酒,1
毛主席诗词 （汽车牌号）,花枝俏,东风,春晓,忽如一夜,斜雨,1
冬至一阳生 （打成语一）,你我之间,来日方长,天下没有不散的宴席,再见,也许以后,1
大将军披头散发，怒吼一声惊雷炸，喜吃羚羊和斑马，兽中之王要数它。 （打一动物）,骑士,四不象,汪,河蚌,章鱼,1
雪地茫茫，梅花中放。 （打一小说名）,各不相干,白鹿原,定亲,红楼梦魇,小仲马,1
成败关键是主帅 （打成语一）,武伐,大而无当,势不两立,因噎废食,国不堪贰,4
神仙放屁 （打一成语）,天下无双,独到之处,名至实归,非比寻常,不同凡响,4
辛亥革命 （打一成语）,麻木,推己及人,相对无言,书生气,别人的儿子,1
花儿有白有红有黄，秋风一起扑鼻香，冬天不怕严寒，人们喜欢观赏。 （打一植物）,薤白,灵芝,马唐,剁碎,白梅,4
燕归来 （外国歌曲名）,圣诞之歌,爱啊爱,梦醒时分,uiui,uiui,2
头有豌豆大，尾巴赛钢枪，飞起不闪翅，落那不合膀。 （打一动物）,珠颈斑鸠,牛,臭鼬,犰狳,布谷鸟,1
波改作破 （打一成语）,对质,身败名裂,水落石出,绳之以法,真相大白,2
有意变音 （打一俗语三字）,自作主张,出事了,信得过,不放心,走后,2
汕头一日游 （打一歌曲名）,想延安,往事只能回味,郎的诱惑,碧天,一直很安静,0
兵谏 （打俗语四字）,毛手毛脚,情感与理智,胡搅蛮缠,痛改前非,以退为进,4
迟迟拜见方丈 （称谓职务）,歌唱祖国,文艺部,晚会主持人,报幕,爱的奉献,3
不知东方之既白 （中药）,血竭,佛手柑,安息香,薄荷脑,没药,2
宏观世界 （五字电影）,跨国之恋,骑士的荣誉,烈火中永生,冷静一点,把悲伤留给自己,2
残月九天独挂 （打成语一）,厌恨,大展鸿图,目空四海,过度诠释,天高云淡,2
你说是鸟不是鸟，好似老鼠长翅膀。 （打一动物）,懒猴,勇,秋虫,莲蓬,松鼠,4
家务事 （打一成语）,巧取豪夺,作奸犯科,寡廉鲜耻,横行霸道,无所不为,4
蕊 （打一歌曲名）,花的心,沉醉,爱在昨天,映山红,泪不停,4
头戴红帽子，身穿白袍子。走路摆架子，说话伸脖子。 （打一动物）,燕子,兔子,海葵,马肉,懒猴,0
嘴巴扁平模样怪，爱用毒液来使坏。 （打一动物）,松鸭,小老鼠,无心恋唱,土球子,锦鲤,3
夫妻古稀结伴行 （打一成语）,七十二行,藏龙卧虎,民间谚语,绿林好汉,一街两巷,0
浑身刺，扁枝桠，先结果，后开花。 （打一植物）,盆栽,仙人掌,吊兰,植物,含羞草,3
绿姑娘，托金盘，天天对着太阳转，太阳给它穿黄袍，金盘变成黑籽莲。 （打一植物）,谷子,芡实,豆角,油菜籽,枳实,3
莫点玉成瑕 （聊斋志异篇目）,日出,余晖,天高云淡,夕阳,晚霞,2
起于青萍之末 （打一称谓）,道士,风水先生,太公,财主,阴宅,0
紫藤开紫花，紫花结紫瓜，照相常常提到它。 （打一植物）,凤仙,剁碎,豆类作物,大麻,土豆,3
却看妻子愁何在 （调味品商标）,喜之郎,长寿花玉米油,喜之郎,苏泊尔,苏泊尔,0
天天吃泥土，长肉不长骨，真人不露相，帮你种稻谷。 （打一动物）,大灰狼,蟒,白头鹎,扬子鳄,虱子,4
雨披（打一成语）,孩子气,以眼还眼,重温旧梦,委曲求全,一脉相承,1
某某人 （打一成语）,深居简出,诈死,隐姓埋名,避难,东躲西藏,2
玩具邮筒 （打一成语）,惊讶,不可思议,目瞪口呆,难以置信,无语,3
宦官 （打一成语）,佯攻,自顾自,水落石出,拿手好戏,华佗再世,3
金桂在时，人人怕她 （打一成语）,夏日可畏,喙长三尺,诗·豳风·七月,漏泄春光,有影无踪,0
小小飞机尾巴长，飞来飞去忙又忙，不装货物不运客，蚊子见了喊投降。 （打一动物）,龙,乌鸦,中华鳖,蟒蛇,凤头鹦鹉,0
培训领导干部 （打二字称谓）,刺客,宫女,名模,近卫文麿,尊驾,2
一条黑蛇四个头，要用时往外一丢，不用时往里一收。 （打一物）,抽陀螺,梆子,文具盒,黑板擦,枪,0
横山点点印人迹，曲径幽幽露草痕。 （中药名）,安期岛,狼毒,橡苔,款冬花,土木香,0
高远之舟耐苦劳，厚厚皮草浑身宝。 （打一动物）,听海,水獭,黑熊,蛤蟆,雪兔,3
日落残花影，月斜孤帆归 （中药）,当归,防己,木通,两半,天冬,0
有一个小孩，有嘴不会开，有手不会掰。 （打一玩具）,铅球,乐高,磁力片,手持烟花,魔方,4
三米花市 （摩托车商标）,木兰,四大美人,杜鹃,海棠,昭君出塞,2
大紫球，一层层，生比熟吃营养多。 （打一蔬菜）,胡萝卜,紫甘蓝,苦菊,西兰花,菠菜,1
身子细长脑袋尖，红黄蓝白都穿遍，跟着妈妈里外跑，衣衫破了找它连。 （打一物）,盐,望远镜,木犁,来福枪,铅球,3
乐于旅游 （打成语一）,喜出望外,乐滋滋,如释重负,大惊失色,焦急万分,0
里面光，外面麻，当中抱个胖娃娃。 （打一物）,芝麻油,日船章鱼小丸子,箍桶匠,蝉,耳朵,0
鼻子像钩子，耳朵像扇子，大腿像柱子，身体像房子。 （打一动物）,蛇人,象,龙,灵巧,无依,2
学恒 （打成语一）,麻木,理所当然,忘记了,习以为常,司空见惯,3
博尔特说话急 （打一成语）,转弯抹角,一见如故,能说会道,快人快语,直来直往,3
叫它花，不是花，花园里头没有它，秋天你到田头看，满田开得白花花。 （打一植物）,国槐,橄榄,池塘边,决明子,豆荚,2
孔子门生 （外国电影）,天使长,埃及人,祭司,爱德,圣徒,4
歪歪树，树歪歪，歪歪树上挂金牌。 （打一植物）,木通,棉花,落叶纷纷,十里香,谷子,1
改做正行，收益下跌。 （打一成语）,沉稳,简洁,毫不含糊,干净利落,温文尔雅,3
山映斜阳天接水 （花卉树木）,结香,千日白,坑塘,牵牛花,海棠,1
少生为妙，一子为好。 （中国电影）,狼,寸草心,播火记,倾诉衷肠,天时地利人和,4
听写 （打一成语）,师母,拍案叫绝,雄姿英发,胜之不武,然而,4
盛怒动武要出丑 （打一成语）,灵官,守得云开见月明,以大欺小,红衣少女,远见卓识,3
第二丈夫恋爱信 （打三字古书名）,三国志,后汉书,三国志,史记,武帝纪,1
神曲 （打一成语）,天下无双,独到之处,非比寻常,不同凡响,名至实归,3
诸葛遣计斩魏延 （打成语一）,数一数二,杂牌军,明朝,随声附和,一得之见,2
山顶梅枝宿画眉 （中国电影）,我们的父母,山楂树之恋,二姨,地狱,寡妇村,1
肚子大，脑袋小，天生一对大镰刀，别看样子长得笨，捕捉害虫本领高。 （打一动物）,老鹰,羊驼,蚂蟥,小老鼠,一只小蜜蜂,2
头戴雉鸡毛，身披紫色袍，人家问它住在哪，它说我住在石头桥。 （打一动物）,黑麂,蛀虫,怪物,豺,草蜢,0
稀奇真稀奇，是马不能骑，肥头肥脑大嘴巴，老爱呆在河水里。 （打一动物）,章鱼,豺,蜘蛛,月亮,四不象,4
长长身体两排脚，阴湿暗地是家窝，剧毒咬人难忍痛，治病倒是好中药（打一动物名）,毒虫,蟾蜍,蜈蚣,巨蟒,蛇,4
只许单线联系 （古代著作）,十五贯,刺目劝学,马上缘,王茂生进酒,无双传,4
不考虑中间（打一成语）,喜出望外,暴风骤雨,流失的岁月,动辄,众口一辞,4
红楼明月寄相思 （打一成语）,声东击西,两全其美,将计就计,一石二鸟,敲山震虎,1
一江风 （打俗语四字）,大喜过望,聪明绝顶,吃糠咽菜,一表人才,爱情至上,4
哥哥接我回娘家，嫂嫂陪我把河下，打湿衣服不要紧，湿了脱掉不穿它。 （打一植物）,可卡因,敌敌畏,薄荷,烟草,大麻,4
七夕过后鹊纷飞 （打一成语）,翻脸不认人,言而无信,忘恩负义,过河拆桥,两面三刀,1
口若悬河滔滔不绝 （打一电影名）,英雄本色,无间道,黑帮电影,义不容情,监狱风云,1
老来俏 （打成语一）,虚以委蛇,故作姿态,盛气凌人,自鸣得意,假惺惺,1
白开水 （打成语一）,放任自流,置之不理,因噎废食,拔苗助长,矫枉过正,1
一条牛，有翅膀，两要辫子比身长，危害果木罪恶大，人们称它锯树郎 （动物）,瓢虫,黑蚁,天牛,马蜂,蟾蜍,2
女婿上门 （打二字杜甫诗篇目）,登飞来峰,向晚意不适,望岳,独坐敬亭山,会当凌绝顶,2
保管员 （打一《聊斋志异》篇目）,何守奇,丐僧,宋四公大闹禁魂张,鸟语,眉黛,0
天生脖子长，身穿花斑衣。想吃嫩叶子，不用费力气。 （打一动物）,乌鹊,海豹,几头,猫头,鲸,3
万代千年花不败 （商标品牌商号）,昇,富康,和润,橄榄,永芳,4
银白韧又软，胜似麻和棉，既能织成网，又能把带编。 （打一物）,灌录,在天空中,拐杖,碾子,鹅绒委陵菜,2
悲歌仰天泪如雨 （打一古代书名）,近思录,楚辞集注,音学五书,文献通考,二十四史,1
浮云看富贵 （打成语一）,悠然自得,神圣,不亦快哉,轩然大波,天时地利人和,3
幸有弟子来相救 （打一成语）,易如反掌,风趣,青史留名,乐以忘忧,一介书生,4
明晚 （打成语一）,国庆十点钟,却之不恭,兵来将挡,占优势,人过留名,0
以夏进炉，以冬奏扇 （打一常用成语）,陈腔滥调,荒谬,故作姿态,莫名其妙,不合时宜,4
药里有味合欢 （打一成语）,顾影自怜,苦中作乐,没心没肺,随遇而安,学会享受,1
帮老师越帮越忙 （打一成语）,徒劳无益,竭尽,愚行,空谈,适得其反,0
有风不动无风动，不动无风动有风，待到梧桐落叶时，主人置我于冷宫。 （打一物）,篾条,打弹弓,以资鼓励,灯台,棉毯,1
重阳曲 （歌曲名）,铁金刚,水手,社会理想,歌曲,但愿人长久,3
子时报晓 （现代书名）,革命现代京剧,革命现代京剧,李信与红娘子,地道战,祖父在父亲心中,2
华容对面各敛声 （打成语一）,才疏志大,敝帚自珍,司法行为,金鸡报喜,言谈举止,4
重粉浓脂不害羞 （的一成语）,厚颜无耻,卑鄙,卑鄙,不要脸,厚颜无耻,0
上尽重在更上楼 （乐曲）,医疗援助,春之声,铃儿响叮当,春之声,共铸中国心,1
忆苦活动再不搞 （打一成语）,血腥屠杀,臭名昭著,十恶不赦,活体解剖,惨无人道,4
二五之间 （打成语一）,低三下四,死要面子,装腔作势,赔笑脸,好言好语,0
黑沉沉 （打成语一）,下落不明,安然无恙,全军覆没,被害,已经死了,0
雨雪霏霏降九州 （打成语一）,端庄,秀外慧中,举手投足,温文尔雅,落落大方,4
竞赛成风 （打成语一）,曾经有人,屡见不鲜,很少,比比皆是,屈指可数,3
屡见不鲜 （二字电影）,新寡,夫人,续弦,孀居,待字闺中,0
模样像只小飞机，若要下雨它飞低。 （打一动物）,头虱,松鼠,羚羊,飞蛾,天蝎,3
出门挣钱不掏本 （打俗语四字）,简洁,沉稳,温文尔雅,干净利落,毫不含糊,4
广泛开展竞赛 （打一成语）,曾经有人,屡见不鲜,比比皆是,屈指可数,很少,2
容貌回忆 （唐诗目）,列女操,杨善深,子夜吴歌·秋歌,采莲曲二首,长安古意,4
尚有河南未定 （打一成语）,公诸同好,只字未提,男扮女妆,挨日子,轻信,1
断肠悲痛 （药名）,土茯苓,芦根,枇杷叶,通草,当归,3
吾日三省其身 （打一称谓职务）,州院,检察长,反渎局,干警,党组书记,3
胜境（打一成语）,知己知彼,后发制人,不败之地,避其锐气,以弱胜强,2
铁块很神秘，天生有吸力，吸住小铁钉，一扫就抓起。 （打一物）,磁铁,夹子,弹珠,老虎钳,玻璃管,0
聪明木匠聪明手，造起房子没门口。 （打一动物）,甲虫,水母,大灵猫,隐翅虫,茄子,0
打牌跳舞 （打一成语）,全能王,早就,不二法门,向壁虚造,别出新意,4
大眼睛，阔嘴巴，尾巴好像一朵花，红黑黄白各种色，游来游去美极了。 （打一动物）,蝌蚪,小鸭子,青蛙,锦鲤,金鱼,4
含恨修书 （唐诗目）,怀良人,春日醉起言志,长信怨,采莲曲二首,思归乐,0
离愁别泪一处流 （打一古书名）,班固,楚辞集注,音学五书,读史方舆纪要,后汉书,2
身穿一身大红袍，头戴蓬头绿高帽，默默坐在菜园里，一副傻相呆头脑。 （打一植物）,柿子椒,胡萝卜,西兰花,南瓜,菠菜,0
第一审判庭 （打一成语）,高境界,空谈,不二法门,一以贯之,要诀,2
七七七格子，八八八格子，九九九重阳，重阳开格子，格格有种子。 （打一水果）,柠檬,柳橙,百香果,枣子,苹果,3
叫嚣乎东西 （打一成语）,言之有物,妙语连珠,信手拈来,遣词造句,引经据典,0
九州风光无限好 （歌曲名）,垄上行,心底的中国,警察先生,遥寄相思,中国龙,3
无底洞（打一成语）,武圣,老道,深不可测,顶尖高手,神出鬼没,2
老练 （打一成语）,麻木,忘记了,理所当然,习以为常,司空见惯,4
百年前的月亮 （猜一种食品）,熊,李,马,杨,胡,1
又圆又扁像糕点，味道不咸也不甜，人们拿着不敢吃，看谁把它抛得远。 （打一物）,不锈钢丝,跳棋,箜篌,菊次郎の夏居酒屋,脚夫,1
燕红转体倾四座 （打成语一）,自知自明,也许以后,气冲冲,势利眼,一鼓作气,4
世界上最小的邮筒 （打一成语）,目瞪口呆,无语,不可思议,惊讶,难以置信,4
缺货通知单 （打一成语）,私吞,重温旧梦,堕入,不折不扣,因噎废食,3
未到西天难入眠 （歌曲名）,不经不觉,光阴,e-kids,年年岁岁花相似,煞科,0
衣裳雪雪白，头顶真龌龊，里面闭上眼睛，外面啼啼哭哭。 （打一生活物）,床架,凉席,棉毯,蚊帐,被子,3
慈禧西行回顾 （称谓职务）,花好月圆,喜娘,胭脂,红盖头,新郎官,1
鼓鼓眼睛脑袋小，四片透明网状翅，最爱翘着长尾巴，轻轻停在芦苇头。 （打一动物）,金雕,蝗虫,络丝娘,番鸭,蚰蜒,2
远看像骆驼，近看一堆土，土高半天空，有树有石头。 （打一物）,邮票,首日封,贺年卡,小全张,明信片,0
狂欢度元宵 （打一成语）,如释重负,相顾失色,二话不说,大喜过望,慌了手脚,3
小时一星星，长大一朴楞，开黄花，结流星。 （打一植物）,人衔,蒺藜,木通,细辛,刀箭,1
假意托付给银环 （打一成语）,老谋深算,虚与委蛇,阴奉阳违,装糊涂,撕破脸皮,1
年纪并不老，身上毛不少，身披大皮袄，山上吃青草。 （打一动物）,野驴,牦牛,狒狒,绵羊,骆驼,3
远看水里一朵花，近看凸眼有尾巴。色彩绚丽人人爱，缸里常玩过家家。 （打一动物）,金鱼,青蛙,小鸭子,蝌蚪,锦鲤,0
头上青丝如墨染 （打二字中药名）,乌梅,白果,海棠,水仙,牛膝酒,1
变态昆虫爱搓脚，香甜酸臭都喜欢。 （打一昆虫）,蚊子,苍蝇,瓢虫,蚂蚁,老鼠,0
蒙翳 （现代小说名）,风尘仆仆,六百英里,目的地不明,马塔潘角,来去匆匆,0
外出转眼二十载 （蔬菜）,万里香,萝卜干,茨菰,萝卜干,芦稷,0
空心树 （中药名）,日式高汤,优昙,玉竹,连翘,海螵蛸,2
龙的传人·摘匾格 （外国电影）,天音,米迦勒,疾风,晨星,狄亚,0
中秋赏菊 （打一成语）,水满则溢,繁忙,赴难,慷慨赴义,宽大为怀,0
妾生千金 （打一成语）,元和圣德诗,古之遗直,杂然相许,异哉,如出一口,2
身披一袭白皮袄，冬天献出密白毛。 （打一动物）,鳖,藕花,三角鳊,草蜢,珠颈斑鸠,1
大闹凌霄宝殿，脚踹森罗冥府。 （打一成语）,骇人,非同小可,撕心裂肺,惊天动地,在此刻,3
小胖子，穿麻衣，红衫白肚躲壳里。 （打一农作物）,核桃仁,黄皮果,菠菜,黄皮果,粮食作物,1
武皇开疆意未已 （汽车品牌）,cr-v,思域,马自达,凯美瑞,途乐,1
身披黄金甲，香味直冲天，有人喜欢它，有人讨厌它。 （打一水果）,山楂,香蕉,乌梅,莲子,沙果,1
成都草堂暂停开放 （打一常用成语）,亘古未有,犹豫不决,见异思迁,收留,末代,0
头戴红纱帽，身穿黑外套，登台作手势，走路唱小调。 （打一动物）,蚊子,蚂蚁,苍蝇,老鼠,瓢虫,1
判案先查“护官符 （打成语一）,搂搂抱抱,老大徒伤悲,重新做人,无名火起,白了少年头,2
未来战争 （中药名）,功劳木,合抱之木,芍药,白五,芫花,4
蝌蚪一变成小篆 （打一《聊斋志异》篇目）,雁,子规,蝉琴,唱唤,蛙曲,4
除夕元旦连捷报 （打成语一）,腹背受敌,一触即溃,正面战场,节节胜利,大败,3
朱阁神游 （古代著作）,曹雪芹,金陵十二钗,红楼梦,西厢记,聊斋志异,1
凶猛胆大换太子，身披豹纹不是豹。 （打一动物）,狼犬,雪貂,大老鼠,狸猫,猞猁,0
一个白胡老头，堪称干活能手，一路锄草行走，一路撒下黑豆。 （打一动物）,番鸭,穿山甲,大灰狼,纺织娘,知了,1
一张照片酿官司 （打一成语）,奋不顾身,毋庸置疑,去伪存真,因小失大,晕了,3
春闺喜得片时闲 （称谓职务）,护士,局长,赫芬顿邮报,大亨,高干,0
拂拂三寸长，有嘴没腹肠，行尽山头岭，见尽状元郎。 （打一物）,桅杆,观察哨,笸箩,农药,法国国家队,0
日边红杏倚云栽 （植物·前骊单珠）,罗浮,琴心,妙音,云天,凌霄,0
已有推辞之意 （打一琼瑶作品）,相思,却上心头,月满西楼,乡恋,小雨中的回忆,1
红漆桶，黑漆盖，十人看见九人爱。 （打一水果）,青枣,荷花,红提,柚子,三星,1
国内有变须援助 （古称谓一）,道长,四当家,三儿,三儿,道长,0
汉朝的财政部（打一成语）,多管闲事,晚春,无耻下流,的幸福生活,伉俪情深,0
丈夫腰缠万贯，妻子身怀六甲。 （打一古文篇目）,三国演义,诸葛孔明,隆中对,赤壁之战,出师表,2
东施效颦 （歌曲名）,红颜劫,半个月亮爬上来,枉凝眉,晴雯歌,葬花吟,2
说起话来不用嘴，走起路来不用腿，绳子吊起像个人，解了绳子像个鬼。 （打一物）,积木,秤砣,唇线,爆破筒,难为情,1
口字别解 （打一成语）,不清楚,人满为患,尖叫起来,老成持重,小家子气,0
脚上烙梅花，帮主人看家。饿了啃骨头，见人摇尾巴。 （打一动物）,燕子,巧取豪夺,卷耳猫,沙蟹,胃病,0
头戴小红红帽，身穿大白袍，走路摇摇摆，游泳稳又快。 （打一动物）,芙蓉,鸭嘴兽,固元膏,盛夏光年,贝壳,3
像鼠却又尾巴大，家里从来没有它，山上安家它喜欢，爬山上树本领大。 （打一动物）,猪,麻雀,大老鼠,蚱蜢,金毛狮子,2
夜来春水暖，送冰去无声。 （打成语一）,点点滴滴,潜移默化,熏陶渐染,教育影响,良苦用心,1
暗中决策·徐妃格 （西药名）,可拉明,去痛片,凡士林,安宁,可拉明,0
一人二人，治病救人。 （打一称谓）,可怕,空嫂,叔叔,可怕,海青天,2
铁公鸡 （打一成语）,抠抠搜搜,一毛不拔,吝啬鬼,死要面子活受罪,穷大方,1
一年四季穿青衫，不长枝叶绿自然，其形好似一只手，未曾修炼亦不凡。 （打一植物）,果实,半青,姜,羊绒,椰子,1
川为静春波 （中药名）,血竭,没药,佛手柑,安息香,薄荷脑,3
仰光俯瞰 （打七字俗语）,同行是冤家,难相处,拉拉扯扯,膈应,抬头不见低头见,4
模样像狼不是狼，奸诈狡猾可称王；身段苗条三角脸，棕黄毛色尾巴长。 （打一动物）,菜青虫,胃病,大老鼠,牲口,灰喜鹊,2
出身田州，搬到场州，场州拷打，搬到铁州，铁州摔打相骂，搬到牙州。 （打一植物）,莲蓬,果实,豆荚,蘑菇,橡子,2
小黑姑，居中间。风来了，荡秋千，雨停了，把网编。 （打一动物）,咪咪,隼,这种虫,泥蜂,羚羊,2
爱是从前的 （打一《楚辞》篇目）,楚辞,礼魂,惜往日,九怀,九歌,0
只管外表 （打二字称谓）,师叔,妻子,夫人,演员,消防兵,2
坐飞船 （打成语一）,东拉西扯,雪上加霜,追根究底,心服口服,国泰民安,0
此策利于孙仲谋 （打成语一）,最终目的,迫不得已,权宜之计,掣肘,师出无名,2
放风筝 （打成语一）,栽赃,威风,一帆风顺,点点滴滴,形容憔悴,2
小小缺口剑，天天带身边，若将它丢失，难以把家还。 （打一物）,开门,箱子,钥匙,螺丝刀,上锁,2
消费意识 （歌曲名）,自贡人民广播电台,深有体会,我要高飞,人在旅途洒泪时,太极神功,3
鲜血染帜 （杂志名）,红旗,海军,威武之师,排头兵,中流砥柱,0
身穿白绫袍，头戴黄纱帽，走路慢腾腾，游泳像船摇。 （打一动物）,鸡,鸭,鸽,鹅,山羊,2
钢铁脑袋薄又扁，木头身子细又长，开河修渠栽树苗，它能给你帮大忙。 （打一物）,kt板,中立,铁饼,困兽犹斗,婴儿床,2
身体圆胖胖，竹叶当食粮，珍贵又稀少，美名四方扬。 （打一动物）,刺毛虫,草鸮,蚕茧,天蝎,人参,0
无边落木萧萧下 （打三字中成药）,黄连片,喉症丸,一清颗粒,穿心莲,食母生,0
尖尖嘴，细细腿，狡猾多疑，拖只大尾 （动物）,猎狗,黑猫,狐狸,兔子,黄鼠狼,0
外孙 （中药名）,杭芍,小儿七星茶,玉竹,一舍,安石榴,1
我家有对黑母鸡，不吃米来光啃泥，下雪下雨到处跑，天晴在家饿肚皮。 （打一物）,伞,袖套,雨鞋,打赤脚,棉袜,0
东西动若参与商 （打一成语）,离奇,斤斤计较,飞龙在天,欢喜冤家,内忧外患,1
有为方得扬芳名 （花卉树木）,康乃馨,粉玫瑰,大丽花,风信子,马蹄莲,1
尽日君王看不足 （俗称谓）,伴娘,死鬼,男友,伙计,死鬼,3
无须导游 （打一成语）,搜肠刮肚,颠三倒四,若有所失,不得要领,无从下手,4
礼自远方 （打成语一）,迂腐,不近人情,刻薄,言而无信,一意孤行,1
播音工作 （打一成语）,一念之差,因果循环,执迷不悟,所托非人,罪恶的深渊,0
圆圆的脸蛋红又红，味道酸又甜，熟能当菜吃，生吃熟吃美味多。 （打一蔬菜）,荸荠,藕,韭黄,西芹,莴苣,1
白素贞口衔灵芝 （中药名）,枫香寄生,芫花,保婴丹,大腹皮,肉苁蓉,1
此公输子之巧也 （称谓职务）,玉树临风,劳动模范,承办人,兄台,爸爸,1
闲来无事各东西 （方剂名）,还少丹,白芍,桂枝茯苓丸,逍遥散,血府逐瘀汤,3
《红楼梦》与《莺莺传》 （打一成语）,两全其美,声东击西,将计就计,一石二鸟,敲山震虎,3
浑身疙瘩模样癞，呷呷叫着行动快。 （打一动物）,蝠鲼,企鹅,金龟甲,海胆,雏鸡,2
老闻波音 （歌曲名）,人在旅途洒泪时,糊涂的爱,新唱,晴雯歌,阿佤人民唱新歌,2
像棵小树长田中，结的子儿红又红，能当饭吃能酿酒，能做炊帚和条帚。 （打一农作物）,蒜苗,枇杷,香菇,芋头,高粱,2
左一下，右一下，只管早晚，不问春夏。 （打一物）,折扇,潜水服,软垫,廊心墙,尿液分析仪,0
长姑娘，黑包头，风吹来，就点头。 （打一植物）,白芋,稻子,甘蔗,罗汉豆,芦粟,1
曹操何故斩祭、张 （打一成语）,含糊其辞,矢口否认,信以为真,称是,诳骗,1
青青翠翠杆挺拔，文人墨客最钟情，一生只开一次花。 （打一植物）,松树,竹子,芭蕉,杂草,一棵,1
小名叫作馍馍蛋，皮黄疙瘩不好看。 （打一蔬菜）,猕猴桃,绿色蔬菜,土豆,马铃薯,玉米,4
黄河之水天上 （打一常用成语）,如释重负,喜出望外,大惊失色,乐滋滋,焦急万分,1
要扶持贫困户 （打俗语五字）,小心眼,蹬鼻子上脸,得理不饶人,胡搅蛮缠,火爆脾气,2
航空线近，航海线远 （打一成语）,茶余饭后,自寻烦恼,高谈阔论,纷纷攘攘,飞短流长,4
飞雪 （打成语一）,自吹自擂,费尽口舌,不着边际,天花乱坠,云山雾罩,3
鼻孔朝天，尾巴长长，脸色铁青，毛色金黄。 （打一动物）,盘羊,金丝猴,珍稀动物,大熊猫,白唇鹿,1
一字师 （打一古代著作）,戏术,梅花易数,大六壬,起卦,道藏,2
田（打一成语）,挖空心思,威逼利诱,寻根究底,撺掇,穷极无聊,0
黑脸包丞相，坐在大堂上。扯起八卦旗，专拿飞天将（打一动物名）,蜥蜴,蜘蛛,怪物,虫,蝎子,4
凡间地府弄颠倒 （打一成语）,不胜其任,百战不殆,惭愧,迂腐,狠毒,1
空枪瞄准练射击 （打一成语）,弹无虚发,挺身而出,火力全开,关键时刻,神经刀,0
宝宝不怕晒，穿衣真奇怪，里边套红衫，外面披麻袋。 （打一植物）,花生,蚕豆,腰果,南瓜籽,核桃,1
巨轮天亮出港 （电视剧名）,金城,改革家,空缺,卓文君,妈妈,4
邢乃言窍中五字及三指痕 （打一书名）,聊斋志异,石头记,高鹗,红楼梦,程乙本,4
雪泥鸿爪 （打六字俗语）,休怪,兢兢业业,吃眼前亏,走下去,活着,0
已购航空票 （打一成语）,无机可乘,难免,丢失的钱包,和而不同,树大招风,0
雨脚如麻未断绝 （歌曲名）,名胜,流连,驻足,沉醉,留恋,4
半陷门中缇骑围 （聊斋志异篇目）,东方,阴阳怪气,郑以伟,天下无敌,三仙,1
富有者，更知俭。 （打一成语）,掷地有声,发人深省,针砭时弊,妙趣横生,鞭辟入里,1
金猴奋起千钧棒 （四字常用语）,硬着头皮,睡眼朦胧,睡眼朦胧,强打精神,强打精神,3
和尚庙尼姑庵 （打成语一）,避招,电光石火,说时迟，那时快,蒙面人,间不容发,4
想走是假意，欲留是实情。 （打一成语）,完善自我,沙里淘金,正本清源,去伪存真,剖析,3
三次出差 （电视剧名）,千古一帝,改革家,天地男儿,贝贝,天下第一关,2
随波逐流走得慢，石门一关难侵犯，你别看它不起眼，怀里揣个宝贝蛋。 （打一动物）,螺,蚌,螃,龟,鳖,1
此日登临曙色开 （常言俗语三字）,老家伙,平白无故,谁知道,哪会,天晓得,4
大屋套小屋，小屋没窗户，我说你不信，你还在里住。 （打一物）,床架,凉席,棉毯,蚊帐,被子,3
说猫不是猫，性感又时尚，奔跑速度快，丛林好猎手。 （打一动物）,黑熊,豹子,狼,老虎,狐狸,1
口阔诸葛亮，肚大牛丞相，造起八卦亭，斩倒岳飞将。 （打一动物）,蜘蛛,蜥蜴,虫,蝎子,怪物,3
林枫欲老柿将熟 （果品）,红毛丹,猫山王,枸杞,杨梅,猫山王,3
太阳灶（打一成语）,乐此不疲,繁忙,人声鼎沸,喜气洋洋,热火朝天,4
淮阴侯中计 （打一成语）,矢口否认,含糊其辞,信以为真,诳骗,称是,0
乱扔乱放 （打一成语）,拨乱反正,吹吹打打,成群结队,任重道远,掠走,0
喜讲文明 （商标品牌商号）,富士通,家家乐,匹练,旁氏,疾风,3
全身雪白尾翼黑，红冠细腿白富美。 （打一动物）,天鹅,白鹭,绿头鸭,黑鹳,丹顶鹤,1
双双致书媒婆儿 （电视剧名）,烽烟图,李信与红娘子,东周列国战国篇,烦恼的喜事,风雨一世情,1
头戴尖尖铁帽，身穿八角龙袍，四面无依无靠，狂风吹它不倒。 （打一物）,复活,堡垒,candi,巴孔寺,塔,4
风惊枝动乱榆荚 （三字口语）,战战兢兢,捅娄子,喝倒彩,不成器,扭捏,1
身体又小又轻，有话没有声音，带着主人的使命，无脚到处远行。 （打一物品）,蜡烛,贺年卡,剪刀,电报,笔袋,2
写给男儿看的书 （打一古代著作）,天工开物,周礼,五柳先生传,聂小倩,说岳全传,4
共醉重阳节（打一歌名）,阿霞,一生何求,四季歌,小情歌,一生何求,1
有了阳光就发芽 （打成语一）,你我之间,来日方长,天下没有不散的宴席,也许以后,再见,1
步履艰难怯上楼 （四字俗语）,良配,小女,兄台,晚生,不敢高攀,4
黑宝宝，会变红，满身是孔会通风，明知火海偏要下，舍己为人放光明。 （打一物）,沙发垫,荷包,钢钎,奚官,发烫,4
路尽言未尽 （打一成语）,高谈阔论,搬弄,人前背后,说长道短,评头品足,3
秋色满郊野 （三字电影）,红高梁,北大荒人,黄土地,白雪,希望的田野,2
贬义 （常言俗语四字）,不好意思,吞吞吐吐,一本正经,呵呵,难为情,0
岳云 （打一俗语三字）,侃大山,张家长李家短,扯闲篇,唠嗑,高谈阔论,0
小鸽蛋，溜溜圆，外面香，里面甜。 （打一食物）,糯米团,元宵,饺子,汤圆,发糕,3
《木兰词》中妙句多 （打一成语）,逢场作戏,花言巧语,死心塌地,哄骗,糖衣炮弹,1
工作计划 （中药名）,硼砂,大蒜,当归,三分三,鬼藤,3
一只小知了，从不上树梢，捉住用嘴吹，吹出好声调。 （打一物）,耳朵,小鸡,呼噜噜,哨子,唿唿,0
四四方方一座城，里头住着许多兵。打起仗来毕剥响，从来不见兵出城。 （打一物）,现钱,复活,棉毯,转笔刀,墨斗,4
曲谱 （打一古籍）,古诗纪,柳如是别传,临川集,近思录,书经,4
让狗看家门 （打四字常言）,偷偷,十分满意,鬼使神差,权宜之计,不知羞耻,2
二人连夜一齐出走 （贬称谓）,抢劫,绑匪,盗窃犯,歹徒,蒙面人,1
东去扶桑已一载 （打一成语）,愁肠百结,没着没落,守活寡,夜不能眠,度日如年,4
农历十六娶新娘 （打一成语）,不怒自威,老两口,美猴王,绿肥红瘦,物归原主,4
天时人事日相催 （打一常用成语）,焦急万分,挑拨离间,末代,金银满地,习以为常,4
汤未煮沸便掀盖 （打四字俗语）,连蹦带跳,晕头转向,因小失大,那也好,档子,1
兄长为父 （打一称谓职务）,丈人,消防兵,派出所长,唯利是图,名誉会长,0
诳 （打一成语）,傻里傻气,老将出马,相思,行吟坐咏,旦夕之间,0
一只鸟儿大又怪，不会飞来跑得快，遇险总把脑袋藏，却把屁股露在外。 （打一动物）,螃,害兽,野兽,懒猴,螃蟹,3
一定要讲团结 （中药名）,商陆,夏枯草,蓝布正,苏木,云实,4
纸老虎（打一成语）,爱国如家,受了伤,一毛不拔,创业艰难,先见之明,2
马放南山 （打一称谓）,武警,消防兵,绿色军营,灭火英雄,战友,4
分离又十载，两地起相思 （中药名）,寒水石,金铃子,黄芪,茉莉,硇砂,4
为自由而战 （打一成语）,威廉·退尔,七零八落,追赶世界,全力出击,神经刀,3
兄弟共一室 （打一成语）,并驾齐驱,伯仲之间,打成平手,势均力敌,不相上下,1
黑黑眼圈大胖子，最爱林中把竹吃。 （打一动物）,伯劳,土球子,阿德利企鹅,螳螂虾,贝壳,0
欲罢欲忘还复忆 （打一常言俗语四字）,没什么大不了的,没什么大不了的,细嚼慢咽,顺水推舟,顺水推舟,2
人丹 （花卉树木）,金合欢,橡树,昂天莲,千日白,孟勐,0
祝酒词 （打成语一）,覆巢之下无完卵,乘火打劫,阳关道,不拘一格,康有为,3
模样生得丑，夜间到处走，钢针来防身，神仙难下手。 （打一动物）,一只狼,狗熊,刺猬,马蜂,兔子,0
墙上挂灯谜 （动物名）,一条蛇,壁虎,蜈蚣,蜘蛛,大老鼠,4
你坐我不坐，我行你不行，一夜站到大天明。 （打一动物）,美洲豹,母马,马猴,燕子,一只狼,4
耳不聋，眼不花，就是没头发。 （打一成语）,足智多谋,愚笨,心思缜密,聪明绝顶,才识过人,4
大雪飘飘 （打一成语）,天花乱坠,费尽口舌,自吹自擂,不着边际,云山雾罩,0
绿黄细嘴小白尾，矫健身姿显优美；下部羽毛白如雪，爱把东北各省越。 （打一动物）,快马,山羊,犀牛,锤头鲨,阿德利企鹅,1
四季如春 （中药名）,湘裙,千金子,萆薢,木瓜,麻油,1
文火 （打俗语三字）,过不去,有出息,白热化,拿大顶,不中用,2
尸魔初戏唐三藏 （中国电影）,高手,部队,幸福最晴天,受夹板气,三十而立,2
浪 （打成语一）,功败垂成,龙马精神,一世之雄,费解,双管齐下,2
身子轻如燕，飞在天地间。不怕相隔远，也能把话传（打一动物名）,哨探,快马,雏鸡,野鸭,信鸽,4
生在田野中，昼藏夜里行，背了一身刺，遇敌呈球形。 （打一动物）,刺猬,兔子,马蜂,狗熊,一只狼,0
佯习伪文 （打俗语四字）,洗心革面,无名小卒,揭不开锅,名不虚传,无名小卒,3
只报字号 （打一成语）,深居简出,避难,诈死,隐姓埋名,东躲西藏,3
吕布遇貂蝉 （打成语一）,临终作,当机立断,休戚与共,顺时秀,外强中干,2
浮雕石刻全被盗 （打成语一）,积毁销骨,不足为奇,糊里糊涂,食而不化,尸位素餐,1
千家万户尽欢腾 （打一世界名著）,山楂树之恋,茶花女,海上夫人,埃及人,人间喜剧,4
黯然消魂 （打一《聊斋志异》篇目）,色魔,老家伙,怪人,黑鬼,小白脸,3
太白太公各有所好 （打一成语）,封神榜,拾金不昧,小三上位,傲慢无礼,鸡犬不宁,1
我得百分他高兴 （打一成语）,信以为真,夹在中间,自甘堕落,清清楚楚,杂牌军,2
脱了红袍有白衣，白衣下面黑胖子。 （打一水果）,吉祥草,柠檬,鲜枣,提子,灵芝,4
血染青纱帐 （三字电影）,警察故事4,深入丛林,教廷,落山风,剃头挑子一头热,3
谑而不虐 （打成语一）,后会有期,却之不恭,打个赌吧,一言为定,说话算话,1
无口不赞子云才 （打一成语）,七十二行,不怀好意,外部矛盾,当场出丑,没齿不忘,1
对面山上一挂鞭，千人万人不敢捡。 （打一动物）,蛇,蟾蜍,蜈蚣,毒虫,巨蟒,0
游泳高手脸开花，长相奇怪吃蚯蚓。 （打一动物）,老鹰,鼠,单细胞藻类,螳螂虾,麝鼠,3
不知不觉已贯彻 （中药名）,细辛,黄芩,防己,木通,虎杖,3
任是深山更深处，也应无计避征徭。 （中国电影）,我爱杰西卡,运虎记,特高课在行动,多情的帽子,水上春秋,3
不敢公开搓麻将 （打一成语）,穷极思变,糅合,比翼连枝,打趣,游手好闲,4
依 （打一俗语四字）,别有用心,浪子回头,情种,那家伙,心中有数,4
吴宫排阵 （打一唐诗目）,列女操,怀良人,马嵬二首,华阳集,寄令狐郎中,0
天籁之音 （打一成语）,名至实归,非比寻常,天下无双,独到之处,不同凡响,4
初次相亲来杭州 （打一电视剧名）,无间道,宫,前殿,掌门,李信与红娘子,4
树碑立传 （打一古代著作）,高鹗,聊斋志异,程乙本,石头记,红楼梦,0
一树桃花，村落人家，云间新月挂。 （打一称谓）,潜水员,驴友,探险家,徒步,玩户外,1
吕布除后得安定 （打二字称谓）,大师,名模,明星,大师,围观,2
黑姐姐，白肚皮，不吃谷来不吃米，你若问我在哪里，我就住在你屋里。 （打一动物）,蝠鲼,鹅,猴子,两栖动物,两栖动物,2
致富之后更节俭 （打一成语）,可多,门庭若市,鲜血淋漓,而如今,望而却步,1
一只鸟，真奇妙，嘴巴叫，肝肠跳。 （打一器物）,哨子,唿唿,小鸡,耳朵,呼噜噜,3
与君重聚首，忆念分离时。 （打一西厢记篇目）,青娥,诗剑,筝,琴心,筝,2
一年四季绿丫丫，不生枝叶亦开花，天天张开一只手，讨得刺毛满手爬。 （打一植物）,含羞草,吊兰,盆栽,植物,仙人掌,3
口吃者讲话 （打成语一）,不甘落后,冰释前嫌,家丑,痞满,永恒的魅力,2
江河纵横峰峦林立 （打成语一）,拿手好戏,走马上任,惟我独尊,隐瞒,如鱼得水,4
一间房子盖得奇，两头大来中间细，两个胖子住里面，都穿一件紫红衣。 （打一植物）,核桃,花生,腰果,蚕豆,南瓜籽,3
善攀树木善游泳，粪便提香做咖啡。 （打一动物）,猞猁,苏门羚,黄鼬,黑麂,大灵猫,4
不移不动四只脚，移移动动八只脚。 （打一物）,除草剂,哈登,伞,导航工具,凡士林,2
复婚 （打三字电影）,再生缘,来日方长,金牌冰人,思无邪,牵手,0
诗兴一发即放荡 （五字俗语）,确有其事,坐实,无风不起浪,道听途说,一面之词,2
儿童习作·卷帘格 （报刊名）,鲁藜,小说林,诗刊社,中国作家,文学少年,3
褒贬之辞 （打一成语）,1968年,更新换代,人不为己天诛地灭,大仁大义,江山入座,3
上帝照镜子 （动物名）,蛸科,蛐蛐,长颈鹿,狐狸的故事,蛸科,3
朱红果儿挂树腰，透明天浆甜度高。 （打一水果）,柿枣,鲜枣,榴莲,提子,apple,3
赤也为之小 （中药名）,一点红,艳艳,海棠,蕊黄,凤仙花,0
腿长胳膊短，眉毛遮住眼。没人不吭声，有人它乱窜（打一动物名）,蜾蠃,鸭子,潮虫,小云雀,巴哥,0
闺中只是空相忆 （打一成语）,从没有想过,无所事事,一门心思,巴不得,深知,2
到处开展竞赛 （打一成语）,屡见不鲜,屈指可数,很少,曾经有人,比比皆是,4
屠龙技成却无用 （打一称谓）,谈判专家,披萨制作,驴友,麦加,老榕,0
嘴巴里吃进去，肚子里掏出来，连着东南西北，通向五洲四海。 （打一常见物）,花瓶,邮筒,手帕,地球仪,钟表,1
逗得母亲乐呵呵 （打一成语）,惊讶,大靠山,落花时节,强人所难,会通精神,2
身穿一件白衣裳，体内小虫黄又黄，人人知它害处大，吃它不如不吃强。 （打一物）,茶叶,水果糖,红南京,大前门,香烟,0
匍匐 （打成语一）,钦佩不已,五体投地,喜出望外,目瞪口呆,无限崇拜,1
拒绝向导 （打一成语）,无望,载歌载舞,心胸狭窄,逝水东流,零零星星,4
缺货单 （打成语一）,还行,别着急,掌上明珠,人过留名,算,2
将军头戴铁帽，怒气大得直冒，你若和它穷泡，躺在地上睡觉。 （打一物）,耢,旱桥,标枪,核桃手串,热气球,4
真心想走 （打一成语）,切莫,从长计议,权衡轻重,因小失大,三思而行,4
弹尽天下曲 （打一成语）,开怀大笑,也哉,翻脸不认人,低声下气,固执己见,3
飞机灭虫 （打成语一）,上行下效,一人得道,尸位素餐,广开言路,争利,1
红尘 （中药）,海蟾,沿红村,肉桂,白前,白术,1
总是不对 （打成语一）,府中,砍瓜切菜,细致,落落寡欢,缺衣少食,4
慈禧遗祸几十年 （打一成语）,纵虎归山,遗祸,一走了之,得不偿失,后患无穷,4
宝宝白，白宝宝，吃树叶，活到老，自己造间小房屋，躺在里面睡大觉。 （打一动物）,狗熊,白鹤,森蟒,灰喜鹊,蛛丝,1
荡子行不归，空床难独守 （书名）,将进酒,香草美人,橘颂,离骚,别赋,4
欲语泪先流 （打一古代著作）,二十四史,音学五书,文献通考,近思录,楚辞集注,1
光光亮，亮光光，干干净净放桌上，每天都要看看它，瞧你脸上脏不脏。 （打一生活物）,订书机,拉链,苍蝇拍,草纸,铁锅,0
头戴红纱帽，身穿黑绿袍，肮脏传疾病，必须消灭掉。 （打一昆虫）,瓢虫,蚊子,苍蝇,老鼠,蚂蚁,0
身穿黑白长风衣，似鹤非鹤孑然立，别看老在河边等，难得鱼儿能填饥。 （打一动物）,飞蛾,喜鹊,秋虫,海棠,燕尾蝶,4
印鉴无误·徐妃格 （树名）,樟树,重阳木,南惹,南惹,红豆杉,0
酸甜苦辣咸 （打一中药名）,广防己,商陆,川木通,喇叭花,半夏,4
千金散尽还复来·燕尾格 （外国电影）,分道扬镳,冰释前嫌,反目成仇,重归于好,回心转意,3
真是笑死人 （打一成语）,一见钟情,动如雷霆,喙长三尺,藏龙卧虎,宽大为怀,0
弟兄七八个，围着圆柱坐，大家一分手，衣服都扯破。 （打一蔬菜）,芹菜,辣椒,大蒜,洋葱,茄子,3
中英文句号能切换 （打一成语）,可圈可点,有目共睹,差强人意,毋容置疑,都不错,2
胖子腿儿短，头上长只眼，白天蒙头睡，晚上天上看。 （打一物）,李府,红绿灯,轿子,桌子,鞋,3
两个各自喝闷酒 （打三字成语）,了别,莫须有,不白之冤,恶作剧,嫁祸于人,1
千古奇书今得解 （中药名）,破故纸,韭子,当归身,桑寄生,远志肉,0
丽日晴空己卯年 （歌曲名）,快乐老家,十五的月亮,e-kids,边关雪,勇敢一点,1
脾气犟，爱劳动，不怕碰钉子，越硬越要碰 （打一工具）,镰刀,镰刀,水瓢,长矛,木锤,4
询 （打一外国书名）,十日谈,战争与和平,鲁滨孙漂流记,少年维特之烦恼,简·爱,0
青竹竿，十二节，顶上坐个红关爷。 （打一农作物）,高粱,青稞,玉米,小麦,糜子,2
青枝绿叶少开花，农家园里便有它，三更半夜大风起，哗啦哗啦哗啦啦。 （打一植物）,杂草,竹子,芭蕉,一棵,松树,3
象 （中药名）,米醋,仔料,遍地锦,党参,陈敬,1
席地等周公 （打一成语）,扫堂腿,爱国如家,欢天喜地,风流名士,和而不同,4
步入果园 （打一成语）,物归原主,抽冷子,名正言顺,一至于此,废寝忘食,3
郎骑竹马来，绕床弄青梅。 （打一世界名著）,驯悍记,简·爱,海上夫人,茶花女,玩偶之家,3
花花木箱格子多，白银宝玉里边搁，上下左右没有盖，不砸箱子没法摸。 （打一食物）,烙饼,速食食品,咖喱,酱瓜,元宵,4
古怪古怪真古怪，骨头长在皮肤外，没长腿也能上墙来。 （打一动物）,乌龟,蜗牛,屎壳郎,小瓢虫,青蛙,0
四四方方一张桌，中间一个红喜鹊，只许看，不许捉。 （打一物）,钢钎,旱船,纱布,透气孔,kt板,3
徙木城东为底事 （商标品牌商号）,日立,安川,阿萨姆奶茶,乐乐,女大十八变,0
猜出谜底电影名 （打一成语）,精打细算,群龙无首,列女操,公诸同好,古往今来,3
我栽一棵树，扁干扁枝丫，结个稀奇果，想摘怕针扎。 （打一植物）,玉竹,西梅,缝衣针,切段,头昏眼晕,2
敲山震虎 （打一中草药名）,省头草,消乳,驱风散,解肌汤,九一丹,2
尽里老谜 （打一成语）,耳目一新,端午诗词,盛会,别开生面,深入浅出,3
民主共和社会 （中药名）,邱华栋,独活,昆明山海棠,荨麻,萹蓄,1
郎君玉照·摘匾格 （花卉树木）,水浮莲,茵陈蒿,吊兰,香雪兰,天仙子,4
分明有异味 （打一成语）,一板三眼,歌星,望风而逃,言不由衷,脉脉含情,0
从不切物也叫刀，长颈铁嘴有大小，生来爱跳旋转舞，小铁槽里走一遭。 （打一工具）,地球仪,长矛,裁纸刀,镰刀,菜刀,3
客人随后进 （打一成语）,没大没小,装聋作哑,牟取暴利,伺机,严惩不贷,0
味精广告 （打一成语）,垂青,曲解,不闻不问,拼死,狐狸,2
连环画赚钱少 （打一成语）,做买卖,饥寒交迫,本小利微,营生,揭不开锅,2
一间屋子真稀罕，不用水泥不用砖，哪儿扎营哪儿盖，今天住了明天搬。 （打一物）,钢钎,制钱,禁止掉头,肩带,长矛,1
黛眉紧锁珠泪滚 （流行歌曲）,中华民谣,涛声依旧,山不转水转,难得有情人,大路朝天,2
十六始成亲 （打一成语）,搪塞,立竿见影,出尔反尔,老当益壮,绿林,3
摇摇摆摆去北京，四把腰刀插在身，风台大雨都不怕，只怕草索缚奴身。 （打一动物）,花儿,雁,乌龟,害兽,蚯蚓,4
爷蓬头，娘蓬头，生出儿子尖尖头。 （打一植物）,芭蕉,松树,一棵,杂草,竹子,4
媒婆受数落 （打一成语）,常常,预兆,怒笑,小菜一碟,笑眯眯,0
弓挂墙上人生疑 （打成语一）,无中生有,放任自流,无语,耿十八,门庭若市,0
熟时红又圆，好吃又好看，模样像柿子，进嘴甜又酸。 （打一植物）,花菜,圣女果,西红柿,土豆,番茄,2
智 （俗语三字）,哪会,天晓得,谁知道,老家伙,平白无故,2
调查人 （中药名）,小儿七星茶,参三七,北芪,水仙,昆明山海棠,1
僧人此去历远洋 （打一成语）,曾经沧海,此情可待成追忆,似水流年,千帆过尽,欲说还休,0
剥我衣衫就要忧，千刀万剐不停留，榨出吾血也罢了，还将骨头随地丢。 （打一植物）,石榴,柳树,槐花,慈姑,香雪兰,1
仗剑江湖我不辞 （打一成语）,得心应手,炉火纯青,游刃有余,驾轻就熟,收放自如,2
晴空霹雳 （广东音乐）,步步高,红衣少女,重庆百货,月儿高,春之声,4
苦苦挽留 （打成语一）,奶粉门,排山倒海,微不足道,变化无穷,俯首帖耳,2
党政军民齐抗洪 （电视剧名）,卓文君,贝贝,上海的早晨,甄嬛传,美的呼唤,2
大江载流 （中药名）,桑寄生,仙灵脾,川断,牛膝,当归身,2
闭关自守 （打一成语）,势均力敌,焦头烂额,闹,不可开交,剑拔弩张,3
一位姑娘住树上，夏天喜欢凑热闹，嘴巴虽然不会叫，唱起歌来声音高。 （打一动物）,野兽,隼,森蚺,朱鹮,棘胸蛙,2
歧视黑人 （打成语一）,不白之冤,构陷,莫须有,屈打成招,诬蔑,0
九曲流清绕武夷 （歌曲名）,山不转水转,难得有情人,涛声依旧,中华民谣,大路朝天,0
小小狐狸海中游，形态美丽似美妞。 （打一动物）,大海雀,狒狒,山雀,懒猴,开塞露,3
行不得也哥哥，友人离别把它贺。 （打一动物）,鹧鸪,雁,鸟,伯劳,子规,1
一间房，紧又窄，拴得下牛，挂不下鞭。 （打一动物）,青蛙,乌龟,小瓢虫,蜗牛,屎壳郎,3
郑人买履与谁为 （打一成语）,独出心裁,即使,圣人,摇摇欲坠,闲言闲语,1
两个傻子坐不住 （打一成语）,白衣胜雪,满身伤痕,门儿清,无可置疑,诡异,3
四脚落地，嘴巴朝天，肚里打雷，屁股冒烟。 （打一物）,风谷机,辘轳,木犁,扇车,碾子,2
未曾生崽娘先死，娘死几年崽才生，全仗雨露来抚养，不知何时报娘恩。 （打一植物）,海带,菠菜,豆腐皮,香菇,木耳,3
风烟滚滚望英雄 （歌曲名）,明天还是要继续,心太软,恋曲2000,无所谓,拍岸,3
儿孙吹火荻芦中 （鸟名）,白鹭,钓鱼翁,鸬鹚,渔舟,江上,0
像架飞机停树梢，专吃蚊虫本领高。它若是在低空飞，即将下雨它报告。 （打一动物）,蝴蝶,瓢虫,透明的翅膀,蜻蜓,低飞,3
连续降雨析其因 （打一成语）,千篇一律,对质,飞跑,一决雌雄,穷途末路,3
联刘破曹为上策 （打一成语）,师出无名,权宜之计,最终目的,迫不得已,掣肘,1
奇怪真奇怪，骨头生在外，箬笠挂门外。 （打一动物）,投食,麋鹿,斑鸠,矮脚马,老雕,1
黄河大合唱 （打一歌曲名）,四季歌,把所有的爱都留给你,亦舒说,人在旅途洒泪时,寂寞在唱歌,3
长怪头，狗身体，三角眼睛短尾巴。 （打一犬类）,牛头梗犬,狗,喜乐蒂,波斯猫,伯恩山,1
尼姑生孩子（打一成语）,进退维艰,顾虑重重,明知山有虎,绝望之境,取舍两难,4
十分春色属皇后 （中国电影）,何处不风流,蛇岛,花枝俏,秋天的印象,风萧萧,3
简便可取 （打一成语）,信手拈来,游刃有余,驾轻就熟,妙语连珠,引经据典,0
武松杀嫂·卷帘格 （中药）,苦苣,马齿苋,鱼腥草,穿心莲,大青叶,3
绿袍子，红顶子，走起路来吹哨子。 （打一动物）,蚊子,蚂蚁,瓢虫,苍蝇,老鼠,1
说它像鸡不是鸡，尾巴长长拖到地，张开尾巴像把扇，花花绿绿真美丽（打一动物名）,麻雀,信鸽,蛤蟆,菜青虫,雪鸡,0
怀素挥毫不拘章法 （花卉）,女贞,女贞,含羞草,白丁香,黄芩,3
文字狱 （打一成语）,然而,出发点,灭顶之灾,随风飘逝,求贤若渴,2
早先老佛爷揽大权 （四字常言）,旋转,前后左右,晃动,神出鬼没,纵横交错,1
玉环飞燕皆入选 （打一成语）,精打细算,求全责备,残羹冷饭,斤斤计较,挑肥拣瘦,2
考核领导班子 （称谓职务）,御用文人,美国新闻,三八红旗手,商务代表,守卫,0
火 （中药名）,人参再造丸,血竭,大活络丹,更年安,国公酒,2
邪念 （打俗语四字）,呵呵,吞吞吐吐,一本正经,不好意思,难为情,2
水中一只朝天铃，长着许多大眼睛。 （打一植物）,绿豆,黑木耳,菱角,晚霞,棕树,1
一个小方块，六面彩色墙，转来又转去，变化最无常。 （打一物）,魔方,重力感应,积木搭建,万花筒,原子,0
头戴青凉帽，身穿青夹袄，人家话我年纪小，我的胡子已白了。 （打一植物）,核桃仁,荷花,香椿,香菇,杂草,3
叫马不是马，地上不见它。若用它做药，请到海里找。 （打一动物）,水母,海马,龟,沙虫,章鱼,1
体型像狗样，喜欢山里藏，耳小尾巴大，常把人畜伤 （动物）,螺蛳,青虫,刺猬,气垫船,泥鳅,2
红船头，黑篷子，二十四把快篙子，撑到人家大门前，吓坏多少小孩子 （动物）,鹿,喵喵,狗,鸡,小海豹,2
诲人不倦 （动物名）,鲮鱼,河虾,黄鳝,螺蛳,鸡杂,4
这下可分不清了 （水产品）,黄鳝,草鱼,蛏子,田螺,河虾,4
草谣千里何青青 （聊斋志异篇目）,朱若兰,忠义侠,刺目劝学,董生,刘志勇,3
全国实行一孩化 （打一书名）,芙蓉镇,望舒,红旗谱,说文解字,嘘寒问暖,3
八一纪念 （打一《楚辞》篇目）,白帝,九歌,楚辞九歌,九怀,临终作,3
民间传说 （中药）,核桃,冰片,丁香,味噌酱,丹砂,2
桃花一点初展，又有月光相伴。 （打一称谓）,徒步,玩户外,驴友,探险家,潜水员,2
前任助理出色，接任助理受罪 （十字常言）,先下手为强，后下手遭殃,兵不厌诈,唇亡齿寒,穷寇莫追,此一时彼一时,0
远看像只猫，近看是只鸟。晚上捉田鼠，天亮睡大觉（打一动物名）,猫,狐狸,画眉,四声杜鹃,快马,0
秋云伴月总销魂 （打一俗称谓）,小鬼,夜叉,有两下子,妖人,老家伙,1
天下为公 （打一称谓）,连长,室内乐,爹地,马艳丽,李加靓,0
酒香不怕巷子深 （打成语一）,日暮途穷,此一时，彼一时,回肠荡气,误会法,敝帚自珍,0
为何少三点 （打一成语）,掉以轻心,构陷,红灯笼,一去不返,狐狸,3
翱翔乎杳冥之上 （歌曲名一）,孔雀,飞天,腾云,蛟龙,鹰,1
尖尖耳朵细细腿，浑身绒毛有异味。 （打一动物）,黄鼠狼,猎狗,黑猫,兔子,狐狸,3
一年十二月 （中药名）,桐油,两半,牵牛,猫儿刺,马齿苋,1
总是冷脸对母亲 （打一称谓）,烧菜,看护,姥姥,不学无术,男孩儿,2
忌茶戒烟 （打一成语）,决裂,水火不容,分庭抗礼,相安无事,闹僵,3
刚生下孙子 （鸟名）,猫头鹰,八哥,鹦鹉,青蛙,狗,1
五脏六腑 （打一字）,远超过,底细,信得过,伯仲之间,信得过,0
八 （中药名）,猴姜,急解索,五加参,雪山一枝蒿,老虎潦,2
思想指挥行动 （歌曲名）,随大流,及时行乐,跟着感觉走,勇敢一点,做自己就好,2
九华帐里梦魂惊 （西药名）,赛庚啶,益康,淘米水,小苏打,小苏打,1
东南西北齐起兵 （打一成语）,犯上作乱,似是而非,一穷二白,东山再起,动了情,0
一枝不许赠行人 （打一书名）,韩诗外传,汕头中山公园,十八春,虞美人,孔乙己,0
姐妹七八个，手扶栏杆坐，脱了白布衫，嫁给盐大哥。 （打一植物）,洋葱,茄子,芹菜,辣椒,大蒜,0
普遍实行晚育 （外国电影）,晕倒,忍俊不禁,凯撒大帝,坑了,小丑,4
肯定成绩，指出不足。 （打成语一）,评头品足,搬弄,说长道短,人前背后,高谈阔论,0
转于僮仆亲 （聊斋志异篇目）,剑术,吕渭,凶魔,造罪,海棠,1
喵喵喵喵屋里叫，大白天里睡懒觉，晚上眼睛明又亮，跑到粮仓去放哨。 （打一动物）,蛏子,白蚁,雁,披毛犀,绿头鸭,1
女大当嫁 （打一成语）,忘战必危,匹夫有责,保家卫国,救亡图存,多难兴邦,1
墨守成规难致富 （打一成语）,明知山有虎,本本主义,悲春伤秋,密密麻麻,一心两用,4
爱穿黄褐装，身上扛着枪，人人都怕我，谁见谁心慌。 （打一动物）,蛇,狼人,牛头,蝎子,蜥蜴,0
因近秋分日参差 （嗜好品）,大前门,红南京,茶叶,水果糖,香烟,2
手到擒来 （打一古代职务）,捕快,小头目,官差,小头目,衙役,1
样子圆圆像西瓜，学校里面常见它，虽然体积不太大，五洲四海全装下。 （打一物）,地球仪,钟表,飞机模型,圆规,磁力片,3
外面有层皮，剥开有点红，里面装了个白娃娃。 （打一植物）,蚕豆,腰果,核桃,南瓜籽,花生,2
生也不好吃，熟也不好吃，只能一边烧，一边吃。 （打一物）,大前门,水果糖,红南京,茶叶,香烟,3
一棵苗儿长齐腰，开的花儿节节高，结的籽儿真不少，能做油来能做糕。 （打一植物）,葡萄,蒜,杏干,蒜苗,荸荠,0
有圆也有方，满面亮光光，娃娃对面坐，请它照个相。 （打一常用物）,苍蝇拍,油灯,书生,温度表,敌敌畏,1
高级领导下基层 （打俗语四字）,挑拨离间,不依不饶,入套,器宇轩昂,危机重重,0
一步三回头 （打一古文篇目）,深虑论,师者,别赋,别赋,文心雕龙,1
两眼外秃大嘴巴，有个尾巴比身大，青草假山来相伴，绽放朵朵大红花（打一动物名）,小鸭子,锦鲤,蝌蚪,金鱼,青蛙,3
头戴红帽穿绿袍，常在食物上面跑，传播细菌和疾病。 （打一动物）,蚂蚁,瓢虫,老鼠,蚊子,苍蝇,1
拜罢圣贤 （古官名）,仆射,詹事,祭酒,太常卿,侍郎,2
绿叶黄花青杆，每人一把小三伞，随风传播各地，生命之火永燃。 （打一植物）,油菜,陈皮,荷兰豆,海棠花,秋月,3
翼德粗心后人传 （打一成语）,纷纷攘攘,茶余饭后,高谈阔论,飞短流长,自寻烦恼,1
细长个，三尺三，筋软骨硬关节弯，不要看他身体瘦，百斤重担也敢担。 （打一物）,箩筐,背篓,锄头,箢子,扁担,4
尾巴一根钉，眼睛两粒豆，有翅没有毛，有脚不会走（打一动物名）,低飞,瓢虫,透明的翅膀,蜻蜓,蝴蝶,4
头像鸡蛋大，腰像磨盘粗，伸着一条腿，露着肋巴骨。 （打一常用品）,就在你身后,我的帽子,雨伞,针线包,衣架,4
林 （打成语一）,追根究底,烽火连天,一面如旧,意外之财,轩然大波,0
出身黄苍苍，老来白如霜，头顶红色帽，爱吃青青草。 （打一动物）,鸡,鸭,鹅,山羊,鸽,3
爸爸是打鬼子的老英雄 （打一成语）,夸父逐日,凿壁偷光,史记,共工怒触不周山,盘古开天地,4
红领圈儿小黑袄，尾巴尖尖像剪刀，飞上蓝天剪云彩，捕捉害虫喂宝宝。 （打一动物）,黑鹳,狐狸先生,斑驴,野兽,抱窝,0
一掌毙命 （打一俗语，四字）,天下无双,拿手绝活,不甘示弱,花样百出,现学现卖,2
五脏六腑 （打一俗语四字）,底细,心中有数,了如指掌,八九不离十,信得过,1
国庆中秋传捷报 （打一成语）,一去不复返,国粹,风尘仆仆,命门之火,论资排辈,0
小小模样似喷头，青青池塘才会有；蜻蜓最爱头上留，停歇片刻立马走。 （打一植物）,真丝,水花生,野菊,落英缤纷,马齿苋,1
性情温和黄小怪，仰鼻朝天乐歪歪。 （打一动物）,盘羊,珍稀动物,大熊猫,金丝猴,白唇鹿,2
琴盒 （打成语一）,人困马乏,小心眼,动怒,哗众取宠,知己知彼,3
身披花棉袄，唱歌呱呱叫，田里捉害虫，丰收立功劳（打一动物名）,豹,菜青虫,几维鸟,甲虫,寒山,3
老蚌生珠 （打一中草药名）,炙甘草,干姜,白术,附子,细辛,3
幼时山中发青，大时锅里翻身，常在箩中发闷，喜在水中沉浮。 （打一植物）,谷子,枫树,艾草,韭黄,风飘,2
阅后付丙 （打一成语）,任意,不清楚,一目了然,有的放矢,雷达图,2
四四方方，平平荡荡，不跟有钱的公子，只跟无钱的儿郎。 （打一物）,md5,鞋,卡其布,补丁,恶意代码,3
渔阳鼙鼓动地来 （打一常言俗语四字）,杀机四伏,险象环生,进退两难,心惊胆战,千钧一发,4
互赠佛书 （古书名）,华阳集,象数,五柳先生传,容斋随笔,乾卦,3
双脚一踏嗒嗒响，皮带一转点头忙，嘴里吃进五彩布，吐出各式花衣裳。 （打一物）,竹片,书生,碌碡,焦炭,平衡木,0
一物生来真稀奇，身穿三百多件衣，每天给它脱一件，年底剩下一张皮 （打一物品）,炮竹,洗手间,耙,文具盒,毛笔,1
春末花落 （打一成语）,事实真相,言犹在耳,委曲求全,成何体统,挨日子,4
肤浅之谈 （打二字中药名）,桑葚,水仙,草果,山药,白芍,2
扼杀在摇篮中 （打一成语）,耸耸肩,见树不见林,兢兢业业,支使,歇斯底里,4
很少看走眼 （打一字）,伯仲之间,远超过,伯仲之间,信得过,佼佼者,0
是饼圆又硬，吃它咬不动，除了扔着玩，没有别的用。 （打一物）,标枪,自由落体,铁饼,前空翻,铅球,2
情愿上一辈子幼儿园 （打一歌曲名）,我要快乐,明天会更好,开始懂了,人到中年,不想长大,3
绷·折屐格 （花卉树木）,迎春花,月月红,美人蕉,四季梅,山茶,0
生在山中叶叶多，死在家中炒一窝，肉又没得吃，得点汤来喝。 （打一植物）,茶叶,油桐树,鸟不宿,苹婆,盆栽,0
自寻出路 （常言俗语四字）,颠三倒四,搜肠刮肚,无从下手,不得要领,若有所失,2
快刀斩乱麻（打一成语）,简洁,酸溜溜,陷入重围,不甘示弱,溢于言表,3
人间草木费千金 （打一世界名著）,简·爱,悲惨世界,小仲马,茶花女,唐璜,3
梅 （中药名）,莲子,蜜蜡,天冬,一点红,清和,1
不需旁证 （打一成语）,乘人不备,鸠占鹊巢,完璧归赵,据为己有,独吞,3
学狗坐，没狗高，又没耳朵又没毛 （动物）,蝌蚪,野兽,吃草,龙虾,怪鸟,2
为齐桓公之相 （三字称谓）,人面兽心,小白脸,公子哥儿,色鬼,骚货,1
蝙蝠能飞不是禽 （动物名）,无翼鸟,信天翁,狐狸的故事,乌鸦,不莱梅乐队,0
延长期夺取冠军 （交通工具）,拖车,直升机,三角警示牌,绞盘,千斤顶,3
关公赴宴 （打一四字成语）,开门见山,挑明,绕弯子,单刀直入,避重就轻,0
矮子不怕天塌 （打俗语三字）,干着急,不大离,有奶便是娘,后台很硬,隔行如隔山,1
后生可畏 （打一唐诗目）,早春寄王汉阳,挥手从兹去,少年行,江夏别宋之悌,感遇,2
徽钦二宗被劫持 （打一成语，上楼格）,发麻,浮想联翩,颤栗,发麻,浮想联翩,2
亚军 （打一称谓）,登科,一介书生,弱冠,宦业,才识过人,1
查问开支 （古称谓一）,举人,探花,状元,进士,前途无量,1
雁门关 （打成语一）,难以置信,目瞪口呆,无语,惊讶,不可思议,0
叮当响，叮当响，又圆又扁又四方。 （打一物）,铜元,田黄,窑,制钱,铸币,0
五毒之首喜阴暗，多节多足夜出没。 （打一动物）,固元膏,螃蟹,赤狐,鸡,鲫鱼,0
睡莲底下一条龙，节节肚中满是洞。 （打一植物）,含羞草,绿色蔬菜,桑,棉花,冬笋,3
上言加餐饭 （中药名）,板栗,白果,桑葚,枇杷,花生,0
砖墙套土墙，土墙套砖墙，土墙里住狐狼，狐狼穿皮袄，两眼赛胡椒。 （打一动物）,树懒,蝼蛄,盘羊,贝壳,节节草,1
自古嫦娥爱少年 （中药名）,定坤丹,再造丸,青春宝,滇虹药业,北京同仁堂,2
讥讽结巴话不清 （打成语一）,沽名钓誉,不足为凭,虚谬,狂犬吠日,欺人之谈,4
抽空不练加减除 （打一成语）,垂垂老矣,七手八脚,药到病除,虎虎生威,万事如意,2
长身圆胸膛，尾巴甩渠旁，水下张张嘴，旱涝都能防。 （打一物）,砟,吸锡器,书包,巧克力,轿子,4
多少工夫织得成 （聊斋志异篇目）,小官人,赵二,三爷,少东家,王大,4
红小姐，白小姐，荫凉树下吊颈死。 （打一植物）,稻秧,枇杷,辣椒,旱烟管,梨,4
望眼欲穿四十载 （植物名）,苦楝树,荷花,芭蕉,藤叶,海棠,3
遇敌吐黑水，跃海空中飞。 （打一海洋生物）,牡蛎,鳖,沙虫,海葵,章鱼,4
钻穴隙相窥 （官名）,捕快,安骥,杨林,李伯言,孔目,4
后妈伤心 （打三字俗语）,帅哥,成功人士,有理有据,何许人,故弄玄虚,3
名字叫做牛，不会拉犁头，说它力气小，背着房子走 （动物）,乌龟,小瓢虫,青蛙,蜗牛,屎壳郎,3
口头通知，不另函告。 （打成语一）,遵守承诺,言而无信,挑拨离间,出尔反尔,朝秦暮楚,1
火因不明 （歌曲名）,无法自拔,引人入胜,着迷,与众不同,爱上她,0
接风酒 （打一成语）,引而申之,大亨,作罢,比肩接踵,泾渭不分,0
出家人弹琵琶 （打一成语）,居心叵测,搬弄是非,耍阴谋,借刀杀人,挑拨离间,1
木兰当户织 （打三字称谓）,女司机,马路杀手,交警,倒车,红绿灯,0
一言不发 （打一俗语三字）,一点儿,满不在乎,再说,无所谓,介意,3
头戴小红帽，披件大黑袍。脚多爬行快，名字较显老。 （打一动物）,蟾蜍,蜈蚣,巨蟒,毒虫,蛇,1
本金全部支取，利率十改其九。 （打成语一）,绝不屈服,危在旦夕,苟且偷生,一息尚存,死得其所,3
大块头，爱吃肉，胖乎乎来爱爬树。 （打一动物）,马肉,乌鸦,蝉,海象,蚬子,0
孟起孤军征西蜀 （打一成语）,节节胜利,丘陵,连绵起伏,一马平川,所向无敌,4
赤橙绿蓝紫 （打一成语）,内忧外患,返销粮,江河日下,赶上了,青黄不接,4
一号 （打一古代著作）,三打白骨精,楚辞,古歌谣,徐梦莘,楚辞集注,1
平明寻白羽 （商标品牌商号）,铂金,怀表,祖母绿,耳坠,钻石,4
黑背白肚皮，一副绅士样，两翅当划桨，双脚似鸭蹼（打一动物名）,青虫,狗,布谷鸟,白蝴蝶,蟋蟀,1
只求质量 （打一成语）,出塞曲,皇帝诏曰,满腹经纶,留侯论,金鸡报喜,3
四季它常绿，总是不开花，摊开一只手，满手刺来扎 （打一植物）,含羞草,仙人掌,吊兰,盆栽,植物,4
路遥不可测 （打一成语）,气急败坏,生张熟魏,看人下菜碟,壮烈,皇帝诏曰,2
头像凤凰头，脚像钓鱼钩，远地七八尺，泥里伸出头。 （打一动物）,老虎,几维鸟,假如爱有天意,金龟甲,雕,3
春夜游 （打三字电影名）,牵手,思无邪,三人行,来日方长,道可道,2
三九时节 （打一中草药名）,独活,将将,六汗,生肌玉红膏,鹤虱,0
一轮皓月挂天心 （打一成语）,你死我活,引人入胜,一见钟情,捧腹大笑,百媚千娇,2
皱皱眠床朱红被，雪白小官人困在里。 （打一植物）,切段,柠檬香茅,柠檬香茅,苜蓿,梨,4
一叶遮目 （西药）,美解眠,驱风散,障眼明,杞菊地黄胶囊,清热养阴丸,2
不是狐，不是狗，前面架铡刀，后面拖扫帚（打一动物名）,老鹰,长颈鹿,繁星,野兽,透明的翅膀,1
节多脚多，前后各有两根短须。 （打一动物）,蜈蚣,巨蟒,蛇,蟾蜍,毒虫,0
溜须拍马靠送礼 （西药名）,阿托品,地西泮,非那根,可拉明,山莨菪碱,2
仙人乘风去 （打俗语四字）,满腹经纶,意思意思,无法挽回的,相映成趣,公子哥儿,4
远看像八卦，近看像车轮，惯做风流事，人人都爱它。 （打一电器）,窗户,眼镜布,微波炉,电吹风,电铃,3
彩笔生花艳紫毫 （聊斋志异篇目）,盗户,龙员外,地火,美人首,盗户,3
留点悬念心不安 （古官名）,知州,京兆尹,县令,守备,师长,3
10000-0 （打一成语）,下临无地,势利小人,简洁,嫉贪如仇,有朝一日,4
厂里产品努力更新 （调味品）,辣椒,麻婆豆腐,咖喱,冬阴功,味增,4
头大嘴厚，皮黄骨瘦，问他什么病，得的心火盛。 （打一物）,贺年卡,织布机,黄蜂,书签,鞍马,0
一位黑脸老渔翁，渔网张在半空中，早晨网得小珍珠，晚上网得小飞虫。 （打一动物）,蜥蜴,蝎子,怪物,蜘蛛,虫,3
一家兄弟团团坐，我靠你来你靠我，有朝一日分开了，衣衫破碎不能活。 （打一植物）,芹菜,茄子,洋葱,辣椒,大蒜,2
河里宝宝爱哭泣，张口囫囵吞东西。 （打一动物）,鱼鹰,骆驼,牡蛎,德国小蠊,燕子,1
专职优于兼职 （常言俗语八字）,与人方便,与人方便,节外生枝,以和为贵,与人方便,0
胖圆身体大又圆，身穿一件花衣衫，鼓足干劲争上游，没有翅膀能上天。 （打一物）,玩偶,布娃娃,手持烟花,气球,蜡烛,3
住口 （打一成语）,事业,遣词造句,果然如此,天光微亮,大有人在,4
看喜剧从不吝啬 （打成语一）,赶上了,轻率,如释重负,大有见地,贯胸,3
好汉不疑妻子 （打一成语）,占山为王,庙祝,善男信女,亡命之徒,进香,3
会计实物记不清 （四字口语）,混帐东西,刘三江,不知好歹,黑心鬼,没上没下,2
三月去，八月回，撑起青阳伞，抱着娃娃回。 （打一植物）,紫甘蓝,大枣,野菊,秋葵,稻,1
二郎平生好出游 （打一成语）,鸳鸯不独宿,身怀六甲,踏步不前,穷途末路,玉石俱焚,3
人面桃花相映红 （打一成语）,动了情,留得枯荷听雨声,古香古色,跌落,夜以继日,2
一物生来真新鲜，腿儿细长脚儿尖，一腿走路一腿站，个个脚印圆又圆。 （打一文具）,尺子,圆规,铅笔,橡皮,剪刀,4
只在此山中，云深不知处。 （打一报刊名）,原子时代,丽江慢生活,细作,得天独厚,沈阳晚报,4
一只小铁圈，浑身长麻点，戴在手指上，方便做针线。 （打一物）,绞丝,夹子,顶针,锉刀,线缝,2
青竹竿，扯圆旗，糯米团子裹蓑衣。 （打一植物）,芋头,萝卜,红薯,南瓜,香菇,1
圆头鼓眼睛，乘凉树头顶，坐着唱高调，口里无声翅有声。 （打一动物）,无依,猪蹄,山雀,蜘蛛,七星瓢虫,3
专挑旧谜猜 （五字常用语）,尽在不言中,明知山有虎,一见如故,失败乃成功之母,执手相看泪眼,0
画地为牢 （打一成语）,司马迁,踏步不前,杀人灭口,步步紧逼,独步一时,4
两只摆渡船，来回在水中，好天没人坐，坏天客不空。 （打一物）,袖套,伞,雨鞋,打赤脚,棉袜,1
子期既死，伯牙绝弦。 （外名著）,少年维特的烦恼,十日谈,马克·吐温,丧钟为谁而鸣,毛姆,3
飞机灭火 （猜一成语）,一人得道,尸位素餐,争利,广开言路,上行下效,0
生在青山石崖，死在大路边旁，有能者平安通过，无能者埋怨爹娘。 （打一物）,电击器,上映,航空照片,锉子,电报,4
乍看像狼不是狼，三角脸儿身瘦长，性情狡猾疑心重，毛色棕黄尾巴长。 （打一动物）,黄鼠狼,猎狗,狐狸,兔子,黑猫,1
说东道西 （打一成语）,信手拈来,遣词造句,妙语连珠,言之有物,引经据典,3
总而言之 （打成语一）,旁逸斜出,武功盖世,混淆视听,声威天下,弱冠,2
怎生得黑 （打一成语）,调皮捣蛋,吃不开,无出其右,鲜少,晕头转向,2
弟兄前后站，排队去上班，刚从桥上过，又往水里钻。 （打一物）,鞍马,跳棋,手套,吸合,花生,2
神雕侠依旧没来 （打一成语）,绝交,搬弄是非,苦中作乐,央告,后发制人,4
离别合影 （打成语一）,一触即溃,沸沸扬扬,显而易见,一睹为快,你知道就好,3
福无双至，祸不单行。 （打一成语）,迂腐,鬻儿卖女,有翅难飞,弯弯曲曲,受了伤,2
纽约公民 （称谓职务）,总裁,妈妈,老公,waiter,书记员,2
百分表 （打一成语）,自圆其说,牵强附会,诡辩,避重就轻,漏洞百出,0
生在山上，卖到山下，一到水里，就会开花。 （打一植物）,节节草,蚕种,琉璃瓶,向日葵,荸荠,3
相亲相近水中鸥 （打成语一）,泛泛之交,同一种人,推心置腹,虚与委蛇,称兄道弟,0
三十除以五 （打二字中药名一）,木通,商陆,泽漆,射干,大蓟,0
赤橙绿兰紫 （打成语一）,内忧外患,江河日下,赶上了,青黄不接,返销粮,3
泪湿春衫袖 （打一成语）,困难,确切,嘭嘭嘭,晕头转向,动粗,3
人前只说三分话 （歌曲名）,银花飞,驻足,一首桃花,山水情,九九艳阳天,2
四四方方，又白又光，姑娘请他，清洁衣裳。 （物品）,熨斗,明信片,牙膏,清洁剂,毛巾,4
我本豪门生，出嫁给穷人，只怕日子久，难见故乡人。 （打一物）,帐篷,夜莺,鼻涕,沙发,伙计,0
山大王（打一成语）,拉杆子,占山为王,望风而逃,绿林,打家劫舍,1
用时四角，不用三角，好处不放，专搁坏处。 （打一物）,马镫,啤酒,蟮,戴上,高射炮,0
内事不决问张昭，外事不决问周瑜。 （打一成语）,迫不得已,权宜之计,师出无名,最终目的,掣肘,1
准备不准胜 （汽车牌号）,帕萨特,途观,捷达,别克,奥迪,2
围而不打 （商标品牌商号）,途观,奥迪,捷达,帕萨特,别克,1
又出差了 （打一常言俗语四字）,自食其果,无法挽回的,误入歧途,嫁祸于人,错上加错,2
火伴皆惊忙 （打一成语）,一颗明珠,不足为凭,留得枯荷听雨声,霸王硬上弓,井井有条,1
求瞎子说前程 （打成语一）,两眼一抹黑,问道于盲,对牛弹琴,大言炎炎,欺人之谈,1
僧人去多久 （打一成语）,而如今,回首当年,一去不复返,曾几何时,屈指可数,3
小小圆球裹外衣，外衣与肉一脱离，痒得手儿只想洗，锅中一蒸似肉泥。 （打一植物）,芋头,萝卜,香菇,南瓜,红薯,3
爻 （打俗语四字）,错上加错,误入歧途,嫁祸于人,自食其果,无法挽回的,2
发面饼圆又圆，菜馅摊在饼外面，饼好吃馅好看，保你吃了嘴更馋。 （打一外国食品）,热狗,面包师,大汉堡,比萨,意式餐厅,3
杀惜 （五字电影）,把悲伤留给自己,越单纯越幸福,一切为了爱,我只在乎你,冲动的惩罚,2
红竹子，桃绿旗，白了心，黑了皮。 （打一植物）,桂圆,苤蓝,吉祥草,薤白,松树,3
赤珊瑚儿地下埋，片片绿叶头上栽。 （打一蔬菜）,菠菜,胡萝卜,南瓜,柿子椒,西兰花,4
新陈代谢 （打一常用成语）,百川归海,春生夏长,吐故纳新,乐以忘忧,天地和谐,2
小小花瓶不开花，开起花来百桠杈，梅兰竹菊样样有，只好看来不好拿。 （打一物）,得分王,字典,长笛,芝麻油,门,4
下次座谈时间已定 （打一成语）,心有不甘,也哉,旁观者清,泰山压顶,勃然变色,2
小时在山上生长，大时在行里安身；小时斩斩削削，大时剖肚抽筋。 （打一植物）,匡威,晚霞,土豆,芳,荸荠,2
凸眼睛，阔嘴巴，尾马要比身体大，碧绿水草衬着它，好像一朵大红花（打一动物名）,锦鲤,金鱼,蝌蚪,小鸭子,青蛙,1
叶子圆圆个儿小，全身长满小镰刀，刀子里面结果果，果儿可做美佳肴。 （打一植物）,桑葚,野刺玫,佛手柑,白果,夹竹桃,2
悟空难逃如来掌 （中药名）,北豆根,龙纹虾,茜草根,天竹,白萝卜,2
活期 （歌曲名）,出门,地图,我等到花儿也谢了,当爱已成往事,每天爱你多一些,2
闲行独自语 （外国电影）,曲径通幽处,云中漫步,童话世界,梦幻城堡,会当凌绝顶,1
国庆中秋凯歌传 （打一成语）,大败,腹背受敌,节节胜利,正面战场,一触即溃,2
一尺大街 （打成语一）,轻而易举,微不足道,那些生活,渺小,无能为力,1
小小逗号水中游，浑身发黑滑溜溜。 （打一动物）,飞蛾,退票,章鱼,泻药,虾,2
千里江陵一日还 （汽车牌号）,宝马,起动机,道奇,日产,劳力士,2
号豉同操 （打成语一）,各执一词,蒙面人,向前冲,不近人情,颠倒黑白,3
如果顺着念，会计经常用；如果倒着念，主意还没定。 （打一计算工具）,调虎离山,调虎离山,算盘,算盘,算盘,2
李逵降世雨滂沱 （打一成语）,风生水起,名利双收,蒸蒸日上,过得,有声有色,0
十亿一心奔四化 （打一称谓）,干部,同志,书记,局长,候补委员,1
兴兵东吴施大略 （打一古代著作）,史记,晏子春秋,左传,战国策,汉书,3
警惕家人 （打一中药）,升麻,天花粉,细辛,防己,泽泻,3
圆圆滚滚白胖子，轻轻一戳吐黑籽。 （打一节日食品）,发糕,糯米团,糯米团,发糕,汤圆,4
再度南柯 （打成语一）,牵肠挂肚,再相会,情话绵绵,重温旧梦,念念不忘,3
辅导作曲 （打成语一）,扶危济困,奉公守法,大仁大义,拾金不昧,助人为乐,4
失惊 （打俗语三字）,甘拜下风,打哈哈,不看不知道,不大离,乡巴佬,3
什 （打一成语）,以礼相待,促膝长谈,话不投机,一见如故,推心置腹,2
森林医生是小鸟，尖嘴像把手术刀，专捉害虫吃个饱，保护树木有功劳。 （打一动物）,糌粑,狐狸先生,东北虎,鹭鸶,珠颈斑鸠,3
一再嫁人也得过 （古籍）,三字经,笠翁对韵,弟子规,论语,幼学琼林,0
云长义子性随和 （打一成语）,如释重负,心存芥蒂,爱国如家,灵官,不在话下,4
师父给我取学号 （打一常用成语）,末代,纸上谈兵,徒有其名,萧规曹随,大而无当,2
可汗大点兵 （称谓职务）,毕加索的秘密,战友,器材党,青涩,优秀共产党员,1
正月十六办婚事 （打一常用成语）,乐滋滋,焦急万分,大惊失色,如释重负,喜出望外,4
家长 （四字电影）,瞧这一家子,少爷的磨难,现世活宝,虎穴追踪,一封,2
神明 （打六字成语）,略施小计,偷偷摸摸,人不知鬼不觉,溜之大吉,瞒天过海,2
千年裘 （中药名）,野芋,问荆,含笑花,阴阳水,蛇肉,3
漆黑一团 （四字电影）,每周三,不见不散,先睹为快,圆满结束,与你相约,1
大雪纷飞 （打一成语）,自吹自擂,费尽口舌,天花乱坠,云山雾罩,不着边际,2
高枕无忧 （中药）,薄荷脑,安息香,佛手柑,血竭,没药,1
长的本科毕业生 （古代官职）,大学士,侍郎,左都御史,内阁首辅,兵部尚书,0
久居东京 （打成语一）,你我之间,也许以后,再见,天下没有不散的宴席,来日方长,4
孤卒逼宫定战局 （打成语一）,拍案而起,你是什么东西,猫鼠一家,夜郎自大,飞来横祸,4
为你打我，为我打你，打得你皮开，打得我出血 （打一动物）,山羊绒,小云雀,花儿,吃草,树袋熊,3
指鹿为马拉朝臣 （俗语五字）,胡搅蛮缠,丁是丁，卯是卯,胡搅蛮缠,人往高处走,善罢甘休,3
死后留芳 （中药名）,血竭,没药,安息香,薄荷脑,佛手柑,1
有雨就全好办了 （打五字成语）,失败乃成功之母,志者,明知山有虎,天下无难事,恒心,3
个子不高，全身长毛，站着不走，躺下乱跑。 （打一物）,烟杆,扫帚,鸡毛掸子,柴刀,拖把,1
与学员分手 （打成语一）,深入浅出,别开生面,端午诗词,盛会,耳目一新,1
来到即刻替操劳 （称谓职务）,那小子,书记员,郭援,总干事,追星族,4
环境美心灵美 （打成语一）,再见,强弩之末,诗社,盗匪,欣欣向荣,4
平时一根棍，用时半个球，人在底下走，水在上边流。 （打一生活物）,扫帚,长凳,床架,镜子,鞋,4
样子像鹤不是鹤，头顶缺个红帽壳，默默站立在水边，专等机会把鱼捉。 （打一动物）,野鸭,翠鸟,白鹤,鹭鸶,鸬鹚,2
怀柔 （歌曲名）,心太软,爱一个人好难,见异思迁,笨小孩,自作自受,0
猴年夺冠好开心 （打一亲属称谓）,大娘,老姑,亲家母,婶子,三儿,4
深圳航线通全球 （打一成语）,无伤大体,及时行乐,抱头痛哭,第六道,无心插柳,1
小红鞋，泥里踩，绿绸裤子迎风摆。 （打一植物）,南瓜,菠菜,西兰花,胡萝卜,柿子椒,4
再还妈妈一个吻 （打一称谓）,二婶,公爹,婆婆,亲家母,儿媳,3
青梗绿叶开黄花，泥沙底下做人家。 （打一农作物）,南瓜籽,花生,腰果,蚕豆,核桃,1
一物三个口，有脚没有手，你若没有它，怎好见朋友。 （打一物）,太空轨道,许愿池,窗户,铁板,牙粉,2
脸儿亮光光，坐在桌子上，妹妹跑过来，请它照个相。 （打一物）,唱片,量角器,法国国家队,头发,直行标志,3
考古不易 （中国电影）,邓小平1928,二子开店,少爷的磨难,傻冒经理,水上春秋,1
一个老爷爷，推他他不倒，总爱把头摇。 （打一物）,敲鼓,秤砣,陀螺,木偶,不倒翁,4
救生伞 （打一成语）,委曲求全,察知,无本生意,自圆其说,不依不饶,4
输了无人看 （打一成语）,忘战必危,一走了之,帐钩,央告,老调重弹,1
七十犹是小孩儿 （俗称谓职务）,老子,胡说八道,骂,大流氓,敬酒不吃吃罚酒,1
滑滑嫩嫩似果冻，鸡蛋牛奶味儿浓。 （打一食物）,酱瓜,芝士蛋糕,千层饼,饺子,回锅肉,1
人人都是人侍候 （中国电影）,空镜子,虎妈猫爸,山楂树之恋,一仆二主,我的前半生,3
仙乐风飘处处闻 （打成语一）,天下无双,独到之处,不同凡响,非比寻常,名至实归,2
苛政猛于虎也 （唐诗目）,新年作,别滁,黄君璧,桃源行,春日醉起言志,0
出门兜里装，兄弟姐妹多，粗看都一样，细看各不同。 （打一物）,箱子,开门,钥匙,螺丝刀,上锁,0
昔年朋友半凋零 （打一成语）,重归于好,细致,卑鄙龌龊,动荡不安,俗人,0
手足无措 （打一成语）,买椟还珠,精打细算,佯攻,坐以待毙,投怀送抱,4
两兄弟，感情好，到哪都是手拉手，竖看就像数字8。 （打一植物）,柳树,杜鹃花,大蒜,洋葱,芦苇,4
头戴一粒椒，身穿紫花袍，铁栏环里过，性命就难保。 （打一昆虫）,体外寄生虫,黄渡,草儿,虱子,斑鸠,3
没有调查，无发言权 （打一成语）,"不入虎穴,不得虎子",贼眉鼠眼,粗鄙,广开言路,更新换代,3
孙悟空自言身世 （中药名）,云母石,岗岩,安息香,地火,冰花玉,2
走卒 （打成语一）,一口咬定,不省人事,嗟乎,鲜香,霸王硬上弓,1
妈妈上了光荣榜 （打一称谓）,大男孩,麦加,舅爷爷,弱冠,锚,2
身体洁白如玉，心里花花绿绿，白沙滩上打滚，清水池中沐浴。 （打一食物）,元宵,糯米团,饺子,汤圆,发糕,3
薄字误写作浦字 （打一成语）,博闻强识,花容月貌,老谋深算,正面战场,英雄气短,4
中秋度蜜月 （打一成语）,盼君归,亦幻亦真,谢天谢地,恻隐之心,以儆效尤,0
日出耕作 （儿童歌曲）,春天在哪里,星星点灯,种太阳,健康歌,粉刷匠,2
独眼龙看戏 （打一四字成语）,有的放矢,任意,雷达图,不清楚,一目了然,4
惊险小说 （打一常用成语）,末代,清高,翻手为云,狂妄无知,不安于室,3
夜半一逢人 （打成语一）,陷入重围,欲速则不达,天崩地裂,人面兽心,底细,1
眼如铜铃，身像铁钉，有翅无毛，有脚难行（打一动物名）,得分王,犀牛,盲僧,金雕,四声杜鹃,1
碰到舞台就演出 （打一成语）,梁郁霖,雄才大略,时不我待,平庸之辈,弹指之间,3
尖嘴尖耳拖大尾，狡猾多端爱使鬼。 （打一动物）,浪人情歌,马猴,一只狼,达氏鲟,小麻雀,2
热身子滚到冰窖里 （打一成语）,按图索骥,引经据典,略高一筹,初露锋芒,陌生,3
黑黑一堵墙，形状长又方，老师讲课时，有它才便当。 （打一教学用品）,黑板,作业本,电脑键盘,草稿纸,班主任,0
我猜中啦！ （打成语一）,一脸茫然,精打细算,龙眉凤目,勘透,水泄不通,3
举旗成对·放踵格 （西药名）,野鸭,鹭鸶,白鹤,鸬鹚,翠鸟,1
掠 （猜一成语）,霸王硬上弓,欲拒还迎,扭扭捏捏,绝不可能,四海为家,1
大校 （打一称谓）,总统,老太太,外交官,大老粗,登科,0
装假肢的人 （打一成语）,任其自然,我放弃,江山社稷,如花似玉,楚楚动人,0
身穿八卦衣，头打双爪髻，喜的是狂风暴雨，怕的是热日来炙。 （打一动物）,青蛙,屎壳郎,小瓢虫,蜗牛,乌龟,4
夜来风雨声 （打一成语）,下落不明,安然无恙,已经死了,被害,全军覆没,0
一个老头怪模样，魄裤子绿衣裳，身体空实各一半，胡子长在脚板上。 （打一植物）,松树,芭蕉,一棵,竹子,杂草,0
乍相见，又别离。 （打一成语）,未见得,笔断意连,判冤决狱,饥寒交迫,大获全胜,0
坐着像只胖小狗，全身泛黑长舌头。 （打一动物）,广岛之恋,芙蓉,海马,昆虫纲,赤狐,2
小小脑袋三角形，酷似蜥蜴爱爬行。 （打一动物）,白狼,小狮子,蚰蜒,喵喵,蝼蛄,2
靠墙一条道，好像上山路，有人向上走，两脚不着土。 （打一常用工具）,窗户,走道,走道,窗户,人行天桥,1
皮肤发紫，身材扁圆，掉在地上梆梆响。 （打一水果）,藤叶,青枣,荷花,红枣,黑枣,2
吓坏守门妖 （打一成语）,痴男怨女,不相上下,庙祝,省主席,石投大海,1
家喻户晓 （打一成语）,洞察一切,神机妙算,聪明绝顶,博闻强识,无所不知,4
悲剧静场 （打一成语）,血腥屠杀,臭名昭著,十恶不赦,惨无人道,活体解剖,3
小巷偶遇 （打一成语）,狭路相逢,火星撞地球,困兽犹斗,不是冤家不聚首,一决雌雄,0
死了当是为别人 （乐器）,古典吉他,大提琴,架子鼓,室内乐,长笛,0
冰雪消融 （打俗语三字）,夸夸其谈,土包子,没良心,别客气,站起来,3
尾巴大得像扇子，窜来窜去采果子。夏天树上来乘凉，到了冬天洞里藏。 （打一动物）,巨蛇,霸王龙,青蛙,跳蚤,小麻雀,3
痴心难改 （打一成语）,迎刃而解,李可及,其貌不扬,后生小子,有的放矢,2
新媳妇下花轿（打一成语）,宰割,可怜虫,逆来顺受,懦弱,任人摆布,4
自称主人，敲打客人。 （打一成语）,诱敌深入,声东击西,调虎离山,围魏救赵,出其不意,1
夫 （打一成语）,难料,笑面虎,南来北往,完善自我,非同小可,4
转眼又见春归去 （唐诗目）,兵部尚书,仆射,罢相,吕惠卿,参知政事,2
既昏便息 （中国电影）,停战以后,停战以后,西域响马,死亡集中营,第二春,3
足蒸暑土气，背灼火天光。 （打一报刊名）,樱草黄,阆苑,电子版,闲暇时间,朝花,4
别人皮包骨，伊是骨包皮，实在不相信，背上生肚皮。 （打一物）,斗笠,白巾,粗布,蓑衣,蒙面人,4
昂首向前四方春 （中药名）,白果,花生,枇杷,板栗,桑葚,0
高山密林喜群居，金黄皮毛树上呆。 （打一动物）,白唇鹿,盘羊,珍稀动物,大熊猫,金丝猴,4
铁锤和镰刀 （打一称谓）,作家,中华民国陆军,总领事,特命全权大使,姑姑,0
领带生意蚀本 （打一成语）,夸饰,产品线,后来居上,奉天承运,小打小闹,1
考察宇宙 （打一成语）,惯用,固执己见,寅吃卯粮,实践是检验真理的唯一标准,知恩图报,3
大有人在 （打五字成语）,曾经的曾经,一去不复返,时过境迁,销声匿迹,开始怀念,1
合同 （打成语一）,公说公有理婆说婆有理,经济纠纷,调解人,各执一词,不欢而散,3
身穿黑色袄，尾巴想剪刀，秋去春来到，捉虫立功劳。 （打一动物）,鳄,黑麂,淡菜,爱情鸟,珍稀动物,4
一枕黄粱再现 （打成语一）,重温旧梦,危言耸听,落后就要挨打,逞凶,难料,0
顶上穗儿当笤帚，剩余谷粒可酿酒。 （打一植物）,高粱,青稞,玉米,小麦,糜子,2
翻印底片 （打一常用成语）,其乐无穷,习以为常,意犹未尽,一模一样,对联,3
出口商品 （打俗语三字）,气急败坏,撒泼,裙带风,打哈哈,不倒翁,3
小时韭叶细，到大瓮来粗，小时能吃大时用，不用播种不用耕 （打一植物）,钵盂,仙客来,海带,郁金,百合,0
七七四十九，劈竹做洗帚，楼上滴滴嗒，楼下有人走。 （打一物）,针线包,衣架,就在你身后,雨伞,我的帽子,3
表示甘心 （打成语一）,制造浪漫,甜言蜜语,山盟海誓,逢场作戏,说情话,1
同心同德干劲大 （歌曲名）,嫂子,年年岁岁花相似,明月千里寄相思,铁金刚,千千阙歌,4
谜格 （三字电影）,夫家,独行客,深入丛林,莲花生,敢问路在何方,1
大四方，小四方，没有它，闷得慌。 （打一建筑物）,屋脊,屋顶,石灰,阳台门,乳白胶,3
八一诗歌郎育会 （打一小说名）,女人集,掌上明珠,三言两拍,清江壮歌,生命册,0
过年不要浪费 （花卉树木）,省头草,水辣蓼,开喉箭,节节花,急解索,3
有个铁锁头，天天在门口，好人让它路，贼人见它走。 （打一动物）,蚰蜒,獭兔,啄木鸟,袋鼠,变色龙,2
金丝线，银丝线，金马驹子上边走，谁要猜着这个谜，输给他一个猪头五斤酒 （动物）,鲮鱼,蚌,马蜂,牛,白蚁,2
放气球 （打一成语）,不着边际,随波逐流,寿星,顺理成章,时时刻刻,0
春来一片金黄，蜂蝶花间徜徉，种子能够榨油，炒出菜来喷香。 （打一蔬菜）,莴苣,茄子,豌豆苗,油菜,茭白,1
三元一串，看似连珠。 （中药名）,寒水石,炒枳壳,广木香,天竺黄,胆星,2
改革后日胜一日 （中药名）,天竺黄,胆星,寒水石,广木香,炒枳壳,0
擦破一点皮 （打成语一）,无措,丧家犬,一无所知,早出晚归,五福盈门,2
银街 （打一现代文学作品）,黄土地,巨龙腾飞,艳阳天,阡陌纵横,金光大道,4
长大后好美（打一成语）,犯上作乱,同祝,不温柔,到处留情,西装革履,1
拦水坝（打一中草药名）,木贼,解肌汤,当归,桑寄生,生地,2
只售站票 （打一成语）,婆婆妈妈,东奔西走,宵旰,以貌取人,悠然自得,1
通古今之变 （打一古代著作）,辞海,契丹国志,朱骏声,蔡泽,徐梦莘,0
维吾尔语 （外国歌曲名）,爱啊爱,老情歌,uiui,说你说我,广岛之恋,3
爬墙上壁是英雄，身体扁平善捉虫，尾巴断了能再生，中医称它是守宫。 （打一动物）,壁虎,蜈蚣,大老鼠,一条蛇,蜘蛛,0
打嘴仗 （打成语一）,迂回战术,与人为善,汪洋闳肆,有伤风化,沉醉,1
十二瓦灯管 （打俗语三字）,打光棍,守活寡,老姑娘,有出息,单着,0
成功又要下西洋 （打一成语）,牵线搭桥,死记硬背,命途多舛,弄巧成拙,青砖灰瓦,2
孔明办事 （打成语一）,人定胜天,孤鸾煞,知错即改,强弩之末,忍让,2
专说大话 （打成语一）,微不足道,轻而易举,渺小,无能为力,那些生活,0
土地爷的胸膛 （打一成语）,嘻嘻哈哈,傻里傻气,开怀大笑,天真烂漫,没心没肺,4
两边来回当报子，半天空里吹叫子，回家住个木罩子。 （打一动物）,快马,野鸭,信鸽,雏鸡,哨探,2
美妇刚添丁 （打一成语）,没大没小,强词夺理,夹着尾巴,肝胆相照,惊涛拍岸,0
远看小洋楼，近看大馒头，人在底下走，水在上面流。 （打一物）,衣架,我的帽子,就在你身后,针线包,雨伞,4
只学一家 （打一成语）,空谈,要诀,一以贯之,高境界,不二法门,4
虚光 （打成语一）,不翼而飞,空空如也,环顾四周,消失无踪,一团漆黑,1
雌雄相对显祥瑞，五彩火鸟人人追。 （打一动物）,藕,狼,蝎子,固元膏,食蚁兽,2
金乌西坠，玉兔东升 （打一成语）,勤勤恳恳,全神贯注,精益求精,夜以继日,不辞辛苦,1
一对蜻蜓点水 （打俗语四字）,名不虚传,心说,有两下子,小白脸,那家伙,2
四把腰刀插在身，摇摇摆摆过湖心，风吹日晒都不怕，只怕孩儿捏我身。 （打一动物）,透明的翅膀,低飞,瓢虫,蝴蝶,蜻蜓,3
乃瞻衡宇 （称谓职务）,方大曾,师叔,团支书,邓华德,守卫,4
自留凭证 （打一成语）,鸠占鹊巢,独吞,乘人不备,完璧归赵,据为己有,4
别人皮包骨，我却骨包皮，别人用脚走，我却用头移。 （打一动物）,蛹,阿德利企鹅,节节草,盘羊,茄子,2
钢铁大汉一只手，手里提个大钓钩，不钓小鱼和小虾，专拣重物钓个够。 （打一物）,卫生纸,鸭脖子,吊扇,地球仪,压路机,2
剥一层，又一层，层层里面有花绒，花绒里头有金豆，金豆里面又一层。 （打一植物）,芋艿,层林尽染,满天星,畦,凫茈,1
口试 （打成语一）,齐天大圣,白里透红,一鼓作气,依草附木,城市面积,2
飞阁流丹续黄粱 （古典名著）,金陵十二钗,曹雪芹,西厢记,红楼梦,聊斋志异,0
石家姑娘，怪模怪样，牙在肚里，嘴在背上。 （打一物）,蝴蝶,加热套,蟑螂屋,抛接球,梳子,4
一只黄袋子，藏着几只白猄子，猄子上面生着许多小牙齿。 （打一水果）,佛手,白梅花,灵芝,莲蓬,吉祥草,3
肚大脑袋小，不怕火焰烧，头戴安全帽，干活反摘掉。 （打一物）,火柴,酒精灯,蜡烛,直接加热,铝壶,0
五官失火 （打一成语）,蜂拥而上,弹指之间,有奶便是娘,火星撞地球,父母,3
饮食店搬家 （打一成语）,不可小觑,连滚带爬,手无寸铁,不畏强权,倚马可待,4
远看林木森森，近看荆棘刺人，紫红色的娘子，怀抱黑眼将军。 （打一植物）,1218直播节,花椒,香油,蒜,葱,1
读书成才 （打成语一）,过而能改,自愧弗如,瞻前顾后,话不投机,转手,3
煎炒蒸炸都会，沙拉尤显妙手。 （打一成语）,心知肚明,弱冠,能干,夸父逐日,粗俗,2
头插双股钢叉，身穿玻璃铁甲，喜的是清风细雨，怕的是太阳晒它。 （打一动物）,青蛙,小瓢虫,乌龟,蜗牛,屎壳郎,2
光照九重 （聊斋志异篇目）,方月娥,马介甫,李伯言,孙有胜,耿十八,4
视觉中心 （二字电影）,信使,魔表,红象,大白鹅,净土,2
开口一笑，露出黑牙，谁敢亲它，叫谁肉麻。 （打一植物）,香油,蒜,花椒,葱,1218直播节,0
书生模样被小瞧 （打一成语）,蕴藉,饱学,晦涩难懂,抱头鼠窜,述而不作,4
细细身体长又长，身后背着四面旗，斗大眼睛照前方，专除害虫有助益（打一动物名）,透明的翅膀,低飞,瓢虫,蝴蝶,蜻蜓,3
拿锅盖戴头上 （打一成语）,暗渡陈仓,知错即改,爱国如家,孽庶,千篇一律,2
桃李明年能再发，明年闺中知有谁 （五字俗语）,确有其事,人怕出名猪怕壮,位极人臣,一面之词,无官一身轻,4
身穿白衣裳，长着红嘴巴，一飞千里外，认得回老家。 （打一动物）,膘肥体壮,北极狐,犀牛,汪,海蜇,4
高高山头一蓬葱，团团圈子挂酒盅。 （打一植物）,香蕉,菠萝,橘子,草莓,梨,0
九皋声闻落风前 （中药名）,鹤虱,省头草,臭梧桐,土贝母,大小蓟,2
头戴红缨帽，身穿乌金袍，嘴里喊我公公，手里要发牢骚。 （打一动物）,巨蟒,蛇,蟾蜍,毒虫,蜈蚣,2
每猜必中 （打成语一）,焰火,语妙绝伦,积习,立竿见影,先入为主,1
谜忌直，直则无味 （打一常用成语）,走投无路,其乐无穷,一触即溃,金银满地,有影无踪,1
李逵来了才开船 （打一成语）,圆满结束,捡去,明媒正娶,比上不足，比下有余,立功赎罪,3
贾府 （打成语一）,逆耳之言,刚毅木讷,动怒,宇宙万物,不二法门,4
空壳竹，碎碎叶，给你猜，猜不着。 （打一植物）,芹菜,西兰花,茼蒿,莴苣,胡萝卜,3
二八佳人端酒来 （打一成语）,喜新厌旧,命不该绝,应允,不徇私情,新生力量,0
头戴绿花翎，住在黄土岭，可怜白嫩身，全在土中隐。 （打一植物）,红枣,油菜籽,绿豆,松树,无花果,2
山乡采石工，要把乡貌改。 （打一书名）,吕梁英雄传,呼兰河传,子夜,太平广记,说文,3
离恨做成春夜雨 （打一古籍）,文献通考,音学五书,近思录,楚辞集注,二十四史,2
一载 （打一古代著作）,水浒,述而不作,白于玉,儒家经典,三百篇,4
满身是箭一将军，遇到敌人变球滚。 （打一动物）,一只狼,兔子,刺猬,狗熊,马蜂,2
方梗子，绿叶子，开的蝴蝶花，结的荚果子。 （打一植物）,大头菜,花生,蚕豆,山芋,玉米,4
年四季穿青衫，不长枝叶绿自然；其形好似一只手，未曾修炼亦不凡。 （打一植物）,吊兰,含羞草,盆栽,植物,仙人掌,3
失业者的心愿 （打四字俗语）,落花流水,兹事体大,找不着北,得亏,身手不凡,2
川流不息 （打一小说书名）,奔流,无定河,晋陕峡谷,白龙江,六盘山,0
足不踩蚁 （俗语三字）,跳梁小丑,弃儿,可怜虫,待宰羔羊,孤家寡人,2
分别廿载见君面 （打一报刊名）,莲,海棠,芙蓉,秋月,阆苑,1
林妹妹葬花，楚卞和泣璧。 （打一成语）,懵懵懂懂,鬼使神差,应有尽有,不留余地,走投无路,4
氙氚（打一成语）,傲视苍穹,改天换地,惊涛拍岸,怒发冲冠,气吞山河,4
丰收歌 （打成语一）,和衷共济,成大事者不拘小节,后顾之忧,忘年之交,罔顾,1
陕西山西亚克西 （打一成语）,肉中刺,自我陶醉,六亲不认,也许以后,努力,2
汽车长胳膊，能搬又能挪，专拣重担挑，八方去工作。 （打一物）,电子海图,井绳,白糖,积木,锋霸,1
天津秀才 （打一称谓）,连队,卫生员,后方医院,护士,班长,4
小时候吃得用不得，大时候用得吃不得。 （打一植物）,荞麦,头昏眼晕,刺梨,芨芨草,雏菊,0
盘着像条龙，口吐一点红，飞虫见我怕，一夜无影踪。 （打一物）,长矛,除草剂,铅笔,琵琶,呼噜噜,2
外号听来真别扭 （六字常言）,犯上作乱,以势压人,名不正，言不顺,桓家,服众,2
可爱深红与浅红 （打一成语）,手舞足蹈,乐不可支,眉开眼笑,喜形于色,兴高采烈,3
白衣先生好神气，细腿长长水边立，直嘴尖尖捉鱼虾，闲时拍翅身飞起。 （打一动物）,鸬鹚,鹭鸶,野鸭,白鹤,翠鸟,3
考试忌出高难度 （打一成语）,深不可测,武圣,神出鬼没,老道,顶尖高手,0
咄（打一成语）,同舟共济,冷语冰人,大仁大义,高人一等,老成持重,3
关系学指南 （3字俗称谓一）,三儿,闺女,三儿,二壮,铁蛋,3
小东西，酒瘾大，灌醉主人，它却没啥。 （打一物）,他端,桌子,一饮而尽,含笑,酒杯,2
伴 （打一成语）,平易近人,话不多,随和,温文尔雅,落落大方,0
何谓铁面无私 （电视剧名）,甄嬛传,大侠霍元甲,开创盛世,封神榜,贝贝,1
暂 （打一成语）,唯我独尊,目空一切,盛气凌人,狂妄,自命不凡,4
我有一张琴，琴弦常在腹。任君马上弹，弹尽天下曲。 （打一物）,鞭炮,枉凝眉,邮票,瓷壶,埃及人,0
高高遨游在太空，监视雷电与台风，观测云层和雨雾，资料全给地面用。 （打一科技产物）,静止轨道,气象卫星,气象卫星,直升机,风云四号,1
远看尖尖桃，近看南瓜花，开花又结果，结果又开花。 （打一植物）,黑枣,油菜,菠菜,黄豆芽,蚧壳虫,2
不大不大，浑身净画，背个纸口袋，走遍天下 （物品）,邮票,明信片,贺年卡,小全张,首日封,3
一个小淘气，身上穿红衣，辫子着了火，蹦到半空里。 （打一物）,墙壁,狗熊,连加连减,大刀进行曲,香烟,3
门前冷落车马稀·卷帘格 （商号店招）,阳春面,馄饨,德兴馆,小杨生煎,小杨生煎,3
大开绿灯 （中药名）,白芍,路路通,参三七,兔毛水晶,餐桌上的养生,3
失重 （中药名）,苦参,千里光,夏枯草,泽漆,闹羊花,0
新岁东风第一枝 （打俗语四字）,精神矍铄,七旬,老两口,年过花甲,爷爷,3
一条犁沟走到底 （打一成语）,迂回战术,说不定,草率行事,食不甘味,穷极无聊,0
九重春色 （中药名）,木芙蓉,芍药,野蔷薇,凌霄花,使君子,4
大哥至今仍独身 （打一称谓）,护士,年轻姑娘,女兵,老太太,空嫂,4
各奔前程 （打成语一）,纳谏,始终如一,尽一切可能,一以贯之,专权擅势,1
谨防近视 （打三字俗语）,退堂鼓,有两下子,想不开,同乡,马后炮,2
个个五短身材 （打一成语）,不胜其任,江山入座,兴高采烈,适可而止,妥妥的,0
反主为客 （电视片）,人类文明的开端,宇宙幻想,包罗万象,原子时代,从东方到西方,4
毛曰 （打一成语）,机关算尽,四面楚歌,呼风唤雨,与虎谋皮,翻手为云,1
下旬残月 （打俗语四字）,不见经传,战战兢兢,拉拉扯扯,花心,拉拉扯扯,0
前方紧握两把钳，五毒之首尾巴尖。 （打一动物）,牛头,蛇,蝎子,狼人,蜥蜴,2
两扇门半掩半开，毛小姐在里安排，两光棍常来常去，拐子腿不得进来。 （打一物）,进门,先行者,伙计,农药,河沿,0
破镜重圆 （古代著作）,金牌冰人,义不容情,再生缘,家有仙妻,天涯侠医,2
卧倒（打一成语）,钦佩不已,目瞪口呆,喜出望外,无限崇拜,五体投地,4
诸公禄禄皆余子 （聊斋志异篇目）,郎中,小官人,杨老爷,世兄,大娘子,2
跑道 （打一成语）,闻风而动,老少爷们儿,一传十，十传百,奔走相告,扬眉吐气,3
清香怡人味儿甜，消暑必备利小便。 （打一水果）,油桃,火龙果,青枣,梨,香瓜,4
头顶有角似珊瑚，身上开满小梅花。 （打一动物）,猛犸象,盛夏光年,犀,猪,鸵鸟,2
笑说君王在月宫 （歌曲名）,马儿啊你慢些走,高天上流云,明月千里寄相思,忘尘谷,幸福谣,3
传送密件 （打一常用成语）,不可开交,势均力敌,剑拔弩张,焦头烂额,闹,0
志 （打一称谓）,爱慕,心上人,未婚夫,一往情深,单相思,4
一个公公精神好，一天到晚不睡觉，身体虽小力量大，千人万人推不倒。 （打一物）,木偶,敲鼓,陀螺,秤砣,不倒翁,4
从小是个白丁，长大身穿白绫，走起来君子样，叫起来蛮子声。 （打一动物）,森蚺,蜂鸟,海螺,大蜗牛,斑马,4
穿红着绿背刀枪，有人碰我喊爹娘。 （打一动物）,土球子,天牛郎,黄鼬,刺毛虫,花大姐,3
克于俭省 （打成语一）,三脚猫功夫,不谙世事,视为知己,兹事体大,念念不忘,4
不战而屈人之兵 （汽车品牌一）,捷达,奥迪,别克,帕萨特,途观,0
八千子弟兵·粉底格 （首饰）,怀表,珍珠戒指,腰带,怀表,珍珠戒指,1
方法论 （中药名）,甘草,白术,当归,黄芩,香附,2
空箱变人 （打成语一）,怯弱,知己知彼,笑眯眯,听之任之,一臂之力,3
闲的时候站着，忙的时候躺着，身上没穿衣裤，两头却钉纽扣。 （打一物品）,拉链,吹风机,梭子,茶盘,蹦蹦床,0
到达顶峰 （打成语一）,凉了半截,大展鸿图,游戏笔墨,不相上下,一干二净,3
牵牛话七夕 （打一成语）,糖衣炮弹,哄骗,死心塌地,花言巧语,逢场作戏,4
小时青，长大黄，石头缝里脱衣裳。 （打一植物）,黄精,凤仙,野菊,苦楝,咖啡,0
林家铺子一医生，救死扶伤立大功，不打针来不抓药，敲敲打打便轻松。 （打一动物）,小鸟,千里光,下蛋,霸王龙,蛤蜊,2
身体长成半球形，七颗星星背上缝，人们叫它花大姐，棉花地里治蚜虫。 （打一动物）,蝴蝶,七星瓢虫,蜻蜓,长尾巴,小老鼠,0
一个小嘴老公公，喊出声来“哄哄哄”，肚里装着一团火，嘴里吐出一股风。 （打一电器）,热得快,取暖器,熨斗,空调,电吹风,4
留守母亲 （打二字称谓）,表姐,听话,祭酒,渣男,徐娘半老,0
下井投石 （中药名）,桑菊饮,安期岛,没药,兜娄婆香,日式高汤,2
脸皮厚，肚子空，打它三棍子，它喊痛痛痛。 （打一物）,人造卫星,靰鞡,指南针,火钳,被子,3
凌空一脚 （称谓职务）,道长,名满天下,撇口,方壶,高足,4
我从工厂过，见一古怪货，屋里藏半个，外面竖半座。 （打一物）,轿,探照灯,戴上,刨子,洞箫,3
从小爱打架 （鸟名）,狗,猫头鹰,青蛙,八哥,鹦鹉,0
头尖口大称秋刀，形似细鞭身材好。 （打一动物）,豚鼠,丹顶鹤,老虎,鹤,虾,3
安全人人挂心怀 （打一古代著作）,通典,太平广记,酉阳杂俎,朝野佥载,后汉书,3
小结 （打俗语三字）,曲阳鬼,自负盈亏,毋容置疑,没良心,合得来,4
哥儿两个一样大，小小辫子圆脑瓜，不见面时不说话，碰在一起就打架。 （打一物）,铅球,油汀,自言自语,斗笠,碗,4
老头子哼哼哼，坐在火里不起身。 （打一常用物品）,肥皂,肥皂,牙膏,暖瓶,沐浴露,0
嘴长颈长脚也长，红顶光头批白毛。 （打一动物）,丹顶鹤,绿头鸭,白鹭,天鹅,黑鹳,2
老公公，胖墩墩，歪歪斜斜站不稳，不吃不喝不睡觉，一天到晚好精神。 （打一物品）,木偶,陀螺,秤砣,不倒翁,敲鼓,2
秤杆与秤砣 （打一成语）,毋庸置疑,息息相关,有着,密不可分,天壤之别,3
试问卷帘人 （旧称谓）,进士,插队落户,阴宅,老书记,财主,0
偷梁换柱 （打一中草药名）,旋复花,雀儿酥,鹤虱,益智,苏子,1
梦回吹角连营 （称谓）,方大曾,模特,新闻人,战地记者,探险家,0
个子虽不大，浑身是武器，见敌缩成团，看你奈我何（打一动物名）,刺猬,狗熊,马蜂,一只狼,兔子,3
仅留中间那部分 （打一成语）,无头无尾,不知所云,似是而非,离题万里,言犹未尽,0
从小青，长大红，穿个开裆裤，露个黑眼睛。 （打一植物）,蒜,葱,花椒,香油,1218直播节,2
长途电话 （打一成语）,繁荣,笔下生花,一朝天子一朝臣,傲霜枝,失之交臂,4
薄薄口子啃骨头，片片瘦肉口下走。 （打一厨具）,菜刀,砧板,斧头,木棍,锅铲,0
在娘家绿影婆娑，到夫家青少黄多，受折磨历尽风波，一提起泪洒江河。 （打一物）,脱粒机,写数字,漏勺,灯台,砚台,0
初渡泉城 （打一成语）,不三不四,确切,蛀虫,与虎谋皮,蟾蜍,0
思想现代化 （打一成语）,人心不古,唯利是图,盗亦有道,沦丧,世风日下,0
读九九 （打成语一）,一意孤行,水火不容,误人子弟,虚怀若谷,威风扫地,2
圆绿叶，开白花，结个黄蛋在地下。 （打一植物）,马铃薯,土豆,绿色蔬菜,玉米,猕猴桃,3
宇宙飞船密封要好 （六字俗语）,天机不可泄露,世外高人,千万别说,守口如瓶,君子一言,0
两兄弟，手拉手一个转，一个走。 （打一文具）,剪刀,橡皮,尺子,铅笔,圆规,0
大男子 （打成语一）,气急败坏,拾金不昧,人言可畏,声威天下,幽期密约,2
橙黄绿青蓝紫 （中药名）,牛蒡子,蕊黄,天花粉,树妖,冬青,1
枝杈 （打一成语）,罪恶的深渊,因果循环,所托非人,一念之差,执迷不悟,3
小子行大运 （打一《聊斋志异》篇目）,邓瀛,司马迁,汪可受,刘应节,孙必振,4
庄稼人喜欢包产到户 （打一称谓）,北京晚报,妹妹的男朋友,三儿,大夫,贵夫人,3
煤堆 （打成语一）,好景不长,一来二去,过犹不及,不翼而飞,我写诗,1
应为广西献余热 （打一成语）,大器晚成,令人钦佩,老当益壮,中流砥柱,年富力强,2
说与人人道 （称谓）,丈夫,随员,上班族,臧孙辰,僧人,0
贾蓉贾兰皆独子 （打四字电视剧名）,至尊红颜,还珠格格,甄嬛传,甄嬛传,甘十九妹,1
一朵芙蓉头上开，彩衣不用剪刀裁，果然是个英雄汉，高歌一曲万户开。 （打一动物）,白鲸,青蛙,大雁,月亮,黑鸟,0
头回摸彩中大奖 （打一成语）,大显身手,一触即发,硝烟四起,胜利在望,蠢蠢欲动,1
子谓子产 （聊斋志异篇目）,哈密瓜,发髻,聊斋异志,祭酒,青凤,2
年老年少不一心，还有麻绳系成亲，只等三年生贵子，有红有绿爱煞人。 （打一水果）,小菠萝,西瓜,沙果,桃子,草莓,1
简历 （打一古代著作）,子不语,三辅黄图,高鹗,水浒,凯子,0
一哄而散 （打一古代著作）,将进酒,别赋,橘颂,香草美人,离骚,1
子美宅中绝宾期 （打一成语）,不翼而飞,鬻儿卖女,渊源流长,反咬一口,寅吃卯粮,0
水帘洞石猿创业 （五字俗语）,高风亮节,大而无当,老交情,老交情,老交情,0
兴冲冲投奔小李广 （打一成语）,成群结队,任人摆布,糊涂一时,推土机,优柔寡断,3
轻拢慢捻抹复挑 （打一称谓）,观众,令郎,进士,幼儿园班级,宦业,1
红包单，包稀饭，又好吃，又好看。 （打一植物）,百合,芳,牵牛花,油茶,梅,0
体瘦心肠直，身上嘴巴多，躺下常受气，受气就唱歌。 （打一物）,风钻,铸币,渔钩,彩带,砚台,0
正是见钱开眼耳 （报刊名）,世界博览,中央公园,血性本色,我的孤独，只剩爱你,欢乐英雄,0
发票开后本人留 （打一成语）,乘人不备,鸠占鹊巢,独吞,据为己有,完璧归赵,0
谈生意高手 （电讯产品）,计算器,商务通,邮件群发,短信营销,电脑,3
一穿青，二穿夹，娘上天，儿钻地。 （打一植物）,松树,芭蕉,杂草,一棵,竹子,4
荷香透肺腑 （打一中药名）,马齿苋,大青叶,鱼腥草,穿心莲,苦苣,3
没关水龙头（打一成语）,因噎废食,放任自流,矫枉过正,拔苗助长,置之不理,1
旭日临门早 （中国电影）,鸟声,晚钟,军装,土肥原贤二,林益盛,1
小小哥儿武器多，遇到敌人缩一坨。 （打一动物）,狗熊,马蜂,一只狼,刺猬,兔子,2
一只顺风船，白蓬红船头，划起两只桨，湖上四处游 （动物）,山羊,鸡,鸽,鸭,鹅,2
石门石槛石栏杆，我在家中唱歌弹，家家孩童来寻我，吵得我家不安耽。 （打一动物）,纺织娘,云天,凤凰,军舰鸟,鳄,1
久居东瀛 （打一成语）,天下没有不散的宴席,再见,你我之间,来日方长,也许以后,3
无所谓的牺牲 （打一成语）,盗匪,杀人灭口,占山为王,打家劫舍,亡命之徒,1
外强中干 （歌曲名）,明月千里寄相思,一笔勾销,把悲伤留给自己,那就是我,风中有朵雨做的云,3
闪烁其辞 （打三字口语）,谁知道,别着急,真没想到,也许以后,说不定,0
狼牙山壮士跳崖 （打成语一）,钦佩不已,无限崇拜,五体投地,目瞪口呆,喜出望外,2
未曾生崽娘先死，娘死几年崽才生，细雨飘飘来养我，不知哪日报娘恩。 （打一植物）,香菇,木耳,豆腐皮,菠菜,海带,0
一座石山真好看，成天有人围它转，明明种的是粮米，偏偏收的是白面。 （打一物）,匾,算盘,晴雨表,转笔刀,黑洞洞,1
白干 （打成语一）,适得其反,空谈,愚行,竭尽,徒劳无益,4
杀鸡取卵 （打成语一）,否则,前功尽弃,在所难免,得不偿失,引火烧身,3
国际贸易 （打一称谓）,黄蜂,徒步,大夫,牵蔓,陪酒女郎,2
红色甲克长黑点，捕虫专家它最行。 （打一动物）,草蜢,巨沙螽,黄雀,咪咪,长臂猿,2
艾服之年 （汽车品牌一）,捷达,奥迪,丰田,马自达,日产,2
不许优亲厚友·卷帘格 （商品名）,便笺纸,十八春,灯泡,便笺纸,百达翡丽,4
锻件 （打成语一）,锋芒毕露,洗礼,岁月的沉淀,铜筋铁骨,千锤百炼,4
有个东西满身麻，钢针刺它也不怕，爸爸从来不爱它，妈妈手上过生涯。 （打一物）,夹子,顶针,线缝,绞丝,锉刀,3
在家清清白白，出门就把锤挨，千里万里走过，肚皮又被剖开。 （打一物）,信封,箱子,贺卡,一沓,烟盒,1
传至胡亥运祚不长 （鸟名）,禽言,姑恶,伯劳,雁,秦吉了,4
插翅虎挡路行劫 （打成语一）,匆匆而过,一决雌雄,囊萤映雪,目空一切,后顾之忧,3
孟母三迁 （鸟名）,思归乐,子规,杜宇,凄切,莺,1
眼如铜铃，身像铁钉，有翅无毛，有脚难行 （动物）,低飞,瓢虫,蜻蜓,透明的翅膀,蝴蝶,4
塞北梅开羌笛吹 （打成语一）,徒有其表,花里胡哨,简洁,吸引眼球,华而不实,1
太极者，阴阳统一也 （体育称谓）,金腰带,拳王,挑战者,播求,名模,1
西天取经谁开路 （打俗语三字）,没出息,骚,小心眼,毋容置疑,倒苦水,0
一身金钱袍，猫脸性残暴，爬树且游水，嗜肉不食草（打一动物名）,龙,白蝴蝶,雪鸡,驴,猪,0
此物生在东海西，又无鳞甲又无衣，虽然不入红绿眼，常与诗人作嘴儿。 （打一动物）,墨鱼,蚬子,海螺,沙蟹,蛤蜊,0
生在青山叶里藏，浑身背的是刀枪，文官武官都不怕，只怕腊月打明霜。 （打一动物）,棕熊,孤鸿,冠斑犀鸟,蛐蛐儿,鹌鹑,0
暴躁冲动办事难 （打成语一）,麻烦上身,诡谲,肤皮潦草,有进无退,能刚能柔,0
匆匆上任 （打一成语）,为人师表,等而下之,得心应手,最终目的,末位淘汰制,1
糖果广告 （打一成语）,说情话,逢场作戏,制造浪漫,山盟海誓,甜言蜜语,4
秆儿长长叶儿圆，开的花儿紫又蓝，牲口吃老人吃嫩，一年能割两三茬。 （打一植物）,马齿苋,秸秆,黑枣,芍药,葡萄,1
巨木 （打一成语）,稳扎稳打,破局,立于不败之地,一拍即合,水到渠成,0
十五不出门 （打一成语）,又爱又恨,望而却步,陌生,无人问津,难于上青天,3
红灯笼，绿宝盖，十人见了九人爱。 （果蔬）,荸荠,松籽,核桃,核桃,莲藕,4
百分法 （文具名）,尺子,橡皮,铅笔,剪刀,圆规,0
在外肥又胖，在家瘦模样，忙时汗淋淋，闲时靠着墙。 （打一生活物）,衣架,我的帽子,雨伞,针线包,就在你身后,2
出郭相扶将 （古称谓职务）,进士,前途无量,举人,状元,探花,2
两根胡须一块肉，背上背着窝。 （打一动物）,青蛙,蜗牛,屎壳郎,乌龟,小瓢虫,3
提货通知 （打一成语）,妙语连珠,信手拈来,引经据典,言之有物,遣词造句,3
事父母儿谏 （鸟名）,子规,杜宇,莺,凄切,思归乐,0
兄弟姐妹真漂亮，天天并肩在一起；少年时爱穿绿，老年时爱穿黄。 （打一水果）,莲子,杏子,柳橙,释迦果,木菠萝,1
分明杨梢挂缺月 （食品）,烧麦,华夫饼,黑米糕,冰淇淋,大头菜,0
修复古画保管好 （打成语一）,匹夫有责,民族危机,救亡图存,投笔从戎,维新运动,2
飞来一群白天鹅，扑通扑通跳下河。浮出水面才捞起，人人见了笑呵呵。 （打一食物）,冰棍,一支雪糕,煎饼,腌萝卜,酱瓜,0
奇怪奇怪真奇怪，肠子长在肚皮外，肚子底下三条腿，夹个尾巴斜又歪。 （打一物）,井绳,碾子,石磙,水车,辘轳,4
知子莫若父 （打六字口语）,无所谓,你说的对,一笑而过,随便吧,没什么大不了,4
恰似美人浴 （打一成语）,吃不开,呼风唤雨,左右逢源,无人能敌,如鱼得水,4
君子之交 （中药名）,鹰嘴,核桃,柳树,防已,逍遥散,1
一朵芙蓉出碧波 （花卉树木）,虾池,芦苇,坑塘,稗草,水浮莲,0
读书非药能医俗 （打一成语）,欢天喜地,擢发难数,金榜提名,报答,厉声,2
红船头，黑篷子，二十四把快篙子，撑到人家大门前，吓坏多少小孩子（打一动物名）,毒虫,蟾蜍,蛇,蜈蚣,巨蟒,3
燕尾 （四字电影）,心路历程,点点滴滴,难忘的人,三年时光,朝夕相处,4
抿嘴笑，半边歪，有红有绿人人爱。 （打一水果）,沙果,小菠萝,草莓,西瓜,桃子,3
是鹅不能高空飞，白肚黑衣颤巍巍；成群结队翘首望，冰天雪地过得美。 （打一动物）,企鹅,红袋鼠,北极熊,非洲动物,海豹,0
自在舒闲一放翁 （古代著作）,诗品,述而不作,王茂生进酒,石头记,独立苍茫自咏诗,4
花前蜻蜓点点飞，四面环山春意浓 （水果）,枇杷,柚子,西瓜,三星,三星,0
铁打一只船，红娘在里边，小雨哗哗下，船到水就干 （物品）,砚台,描红本,清洁剂,印泥,抹布,3
毛毛的，不沾湿，清洁家电好帮手。 （打一生活用具）,扫帚,扫帚,扫帚,鸡毛掸子,鸡毛掸子,0
背背有些驼，牙齿生得多；虽然没头发，爱在头上摸。 （打一物）,光荣花,茶叶,顶盖,吊耳,轿子,1
醉酒搓麻将胜率低 （打一成语）,营生,下笔如有神,积重难返,横扫千军,尽忠,3
险遭宫刑 （打一成语）,苍生涂炭,漉血,累卵之危,安邦定国,为民父母,2
螳螂捕蝉 （打俗语五字）,胡搅蛮缠,一口咬定,大变样,今天才发现,激恼,3
尾扁嘴扁脑半球，无牙可爬亦可游。 （打一动物）,水獭,犰狳,鸭嘴兽,疣猪,狐猴,2
险超俄国迎凯旋 （打成语一）,人人自危,二话不说,情话绵绵,刚毅木讷,红装素裹,0
自鸣钟 （常言俗语三字）,怄气,对着干,没事找事,耍性子,闹别扭,4
又画鼻子又画眉 （打一称谓）,爱迪生,黄蜂,潜水员,忘年交,银幕,4
诊金 （八字谚语）,漫天讨价,漫天讨价,丁前溪,世兄,何老七,0
少年食尽愁滋味·掉首格 （四字电影）,对不起，我爱你,碧海丹心,胜利重逢,头尾灯鱼,高山下的花环,2
浑身艳丽穿花衣，甘菊凤在花中行。 （打一动物）,兀鹫,喜鹊,蟾蜍,松鼠,沈文程,3
住在高处，忙着纺织，自己不穿新衣裳。 （打一动物）,怪物,蜥蜴,蝎子,蜘蛛,虫,4
身体是个半球形，背上背着七颗星。蚜虫见了最怕它，棉花丰收全靠它。 （打一动物）,蝴蝶,蜻蜓,七星瓢虫,长尾巴,小老鼠,0
小胖子，寸把高，细白麻子水蛇腰。 （打一植物）,花生,核桃,腰果,蚕豆,南瓜籽,2
头重脚轻嘴扁，无事总是溜边，跑到地里干活，回家跳上人肩。 （打一物）,天花板,高跷,拖船,烟草,金刚杵,1
竹叶梅花相间开 （常言俗语四字）,不长进,名不虚传,无欲则刚,天天,好不容易,1
卡 （千字文一）,长虑顾后,上和下睦,仁悌,仁悌,子孝父慈,1
书房谈天 （打一小说名）,三言两拍,搜神记,罗刹海市,红楼梦,聊斋,4
曰南北，曰东西 （打一成语）,一五一十,天生富贵,结仇,惊颤,发怵,0
东西之道 （打一成语）,引经据典,信手拈来,妙语连珠,言之有物,遣词造句,3
日月潭 （中药名）,净壶,中药,金银花露,阴阳水,盖瓯,3
翻砂造型 （打一常用成语）,指鹿为马,唯唯诺诺,腹背受敌,马屁精,江湖相见,0
红被面，白被里，兄弟多，挤一挤。 （打一水果）,香蕉,橘子,梨,菠萝,草莓,2
吃得白又胖 （打一成语）,不测风云,撇清,危如累卵,上苍保佑,落网,3
秤的研究 （打一古代著作）,楚辞,宋史,浦起龙,山海经,西厢记,0
圆圆脑袋樱桃色，深深埋在土里头，青青尾巴外面留，营养美味各种有。 （打一蔬菜）,南瓜,柿子椒,西兰花,菠菜,胡萝卜,0
兄弟七八个，挨着排排坐，坐相不太好，腰弯背也驼。 （打一植物）,草莓,果实,蒜头,马齿苋,芭蕉,1
